1,13,2.88800,0.18200,0.58900,0.21400,3.07793
1,50,2.25300,0.15100,0.64000,0.22200,2.35311
1,66,2.89100,0.14900,0.59000,0.21400,3.07993
1,131,2.86800,0.15100,0.58700,0.21300,3.05790
1,112,2.84100,0.15000,0.58300,0.21300,3.02894
1,99,2.84100,0.15100,0.58800,0.21100,3.08789
1,107,2.87600,0.15100,0.61300,0.21300,3.06498
1,6,2.89400,0.15200,0.58800,0.21300,3.08401
1,35,1.37600,0.07400,0.28100,0.10200,1.46709
1,91,2.86800,0.15100,0.58800,0.21100,3.05689
1,129,2.89400,0.15200,0.58900,0.21100,3.08511
1,43,2.29800,0.15000,0.58800,0.21000,2.39792
1,110,1.37000,0.07300,0.28300,0.10300,1.46109
1,83,2.86200,0.14900,0.59100,0.21400,3.05107
1,14,2.87400,0.15000,0.61300,0.21300,3.06306
2,48,2.15500,0.14100,0.58100,0.16800,4.65204
2,45,1.08200,0.06950,0.27750,0.07950,2.33904
2,144,2.15650,0.14050,0.57150,0.16700,4.65304
2,65,2.17500,0.14150,0.59450,0.16600,4.69609
2,36,1.66950,0.08800,0.45250,0.11050,3.72606
2,37,2.16100,0.14100,0.57100,0.16550,4.65991
2,22,2.51000,0.18300,0.70100,0.21950,5.35098
2,44,1.03350,0.06850,0.27500,0.07850,2.23110
2,99,2.15700,0.14100,0.58400,0.16750,4.66997
2,105,2.15450,0.14100,0.57700,0.16600,4.64695
2,47,2147486.00000,0.13600,0.57450,0.16650,4.58791
2,27,1.30000,0.11000,0.34800,0.09150,2.77301
2,21,2.16650,0.14050,0.59100,0.16850,4.66890
2,31,2.16800,0.14100,0.57200,0.16750,4.67298
2,142,2.02050,0.11900,0.57550,0.16500,4.38088
3,52,1.73033,0.13700,0.50467,0.13267,5.59904
3,17,1.90333,0.13700,0.57533,0.15733,6.19890
3,108,0.90000,0.06533,0.26700,0.07267,2.93093
3,7,1.61000,0.11400,0.46700,0.12600,5.15996
3,34,1.89900,0.13633,0.58333,0.14933,6.18099
3,118,1.65067,0.11533,0.46767,0.12667,5.28290
3,2,1.72100,0.13500,0.48733,0.13367,5.57105
3,139,1.88033,0.13600,0.55967,0.14833,6.12508
3,26,1.65467,0.11933,0.46833,0.12800,5.29901
3,132,1.85467,0.13567,0.55633,0.14900,5.96891
3,129,1.89667,0.13600,0.55767,0.14900,6.17700
3,125,1.14100,0.09200,0.35500,0.09900,3.66801
3,60,1.75700,0.13567,0.52133,0.15067,5.68010
3,79,1.75433,0.13500,0.51433,0.13767,5.67090
3,115,1.74133,0.11033,0.58100,0.13000,5.70398
4,14,1.33425,0.10100,0.41500,0.10775,5.75299
4,61,1.69650,0.12975,0.54625,0.13675,7.34912
4,48,0.83325,0.06425,0.26350,0.06650,3.63696
4,75,0.83925,0.06400,0.26400,0.06700,3.66207
4,85,0.83450,0.06400,0.26175,0.06850,3.64389
4,113,0.91350,0.06925,0.29525,0.07100,3.98510
4,132,1.40850,0.11375,0.41950,0.10750,6.11312
4,87,1.76500,0.14900,0.54950,0.13725,7.67102
4,143,1.17325,0.08350,0.34100,0.09550,5.00500
4,35,1.74775,0.13300,0.55050,0.13725,7.62306
4,102,1.63550,0.13375,0.51075,0.12625,7.09795
4,67,1.46200,0.11700,0.44375,0.12025,6.34411
4,32,1.38625,0.10175,0.41250,0.10875,5.95804
4,49,1.73775,0.13275,0.55500,0.13750,7.58204
4,40,1.07850,0.10400,0.31825,0.07675,4.62997
5,30,1.69360,0.13420,0.56240,0.13640,9.24304
5,29,0.79700,0.06300,0.26520,0.06220,4.36008
5,66,1.65820,0.13260,0.54920,0.13380,9.07895
5,138,1.65140,0.13100,0.54540,0.13260,9.05296
5,62,1.67000,0.13140,0.54740,0.13220,9.05505
5,32,0.89580,0.07120,0.29640,0.07760,4.85489
5,22,1.43200,0.11840,0.45960,0.11360,7.78595
5,119,0.79900,0.06300,0.26160,0.06360,4.36790
5,91,1.24740,0.10020,0.47400,0.10560,6.76593
5,67,0.79520,0.06320,0.26180,0.06320,4.34995
5,141,1.69700,0.13180,0.54520,0.13320,9.27009
5,25,1.28440,0.10540,0.39100,0.10300,6.97200
5,114,1.70080,0.13420,0.58220,0.13680,9.22005
5,96,1.31080,0.10560,0.41680,0.11280,7.10402
5,23,1.39500,0.11840,0.44320,0.10940,7.59792
6,39,1.62667,0.13100,0.54767,0.12833,10.76509
6,92,1.35133,0.11467,0.45733,0.11050,8.80496
6,150,1.60217,0.12967,0.54667,0.12900,10.53296
6,140,0.77033,0.06567,0.26033,0.06167,5.06711
6,130,0.76750,0.06283,0.26150,0.06233,5.07012
6,102,0.94983,0.07533,0.31033,0.08033,6.15211
6,67,0.77183,0.06283,0.26000,0.06033,5.07699
6,16,0.76700,0.06267,0.26017,0.06150,5.08492
6,112,1.24100,0.09850,0.41533,0.09900,8.06506
6,124,1.57167,0.12400,0.54150,0.12567,10.36207
6,58,1.13600,0.08650,0.35933,0.09200,7.35996
6,41,1.22433,0.09817,0.40700,0.09867,7.96689
6,144,1.25717,0.09917,0.41233,0.10583,8.16489
6,77,1.38733,0.10833,0.45600,0.11067,9.11009
6,84,1.14067,0.08717,0.36417,0.09100,7.39288
7,62,1.09414,0.09243,0.34743,0.08543,8.34900
7,88,0.93071,0.07471,0.30186,0.07586,7.05301
7,77,1.59629,0.13071,0.56514,0.12714,12.24706
7,112,1.66171,0.14071,0.57257,0.13857,12.70690
7,13,0.97971,0.07157,0.32957,0.08300,7.46306
7,38,1.02800,0.08286,0.34000,0.08257,7.80699
7,68,0.82129,0.07814,0.25929,0.06014,6.27890
7,91,0.95114,0.08400,0.34386,0.08443,7.23509
7,146,0.75014,0.06214,0.26029,0.05943,5.76509
7,41,0.75186,0.06214,0.25786,0.06014,5.77896
7,46,0.85143,0.07200,0.29271,0.07214,6.48396
7,29,1.12557,0.09300,0.37971,0.08914,8.59295
7,25,1.03600,0.08300,0.34429,0.08557,7.86396
7,53,0.85600,0.07329,0.29086,0.07329,6.51595
7,75,1.07357,0.08814,0.34343,0.08543,8.22705
8,74,1.38300,0.11900,0.50038,0.10975,12.27699
8,64,1.05050,0.08775,0.35288,0.08512,9.16598
8,102,1.51000,0.12800,0.53813,0.12288,13.22400
8,63,0.74025,0.06463,0.26025,0.05962,6.52511
8,105,0.82863,0.06150,0.26588,0.06200,7.33091
8,21,0.74213,0.06588,0.26250,0.05987,6.54293
8,55,1.15838,0.09638,0.40063,0.09550,10.11689
8,136,0.76088,0.06625,0.25938,0.05950,6.67808
8,44,1.54050,0.12888,0.53925,0.12362,13.54400
8,137,0.89912,0.07113,0.29575,0.07175,7.78498
8,38,1.53138,0.12825,0.53875,0.12150,13.47800
8,25,1.53400,0.12838,0.54275,0.12425,13.50606
8,31,1.17225,0.09650,0.39725,0.11100,10.24392
8,101,0.91100,0.07113,0.29663,0.07250,7.88399
8,8,1.32413,0.11275,0.45800,0.11088,11.58205
9,38,1.52211,0.12767,0.54322,0.12133,15.07404
9,68,1.02500,0.08567,0.34911,0.08244,10.05594
9,24,1.20611,0.10011,0.41367,0.09933,11.95196
9,117,1.52956,0.13156,0.53433,0.11978,15.13794
9,44,0.73022,0.06389,0.25589,0.05689,7.22894
9,91,0.72867,0.06122,0.25944,0.05889,7.21589
9,40,0.81167,0.06989,0.28522,0.07200,7.97093
9,28,1.01767,0.08656,0.34833,0.08333,9.99500
9,65,1.37911,0.12089,0.48222,0.11000,13.62302
9,138,1.01011,0.08533,0.34689,0.07989,9.91707
9,71,0.97333,0.07733,0.32367,0.07711,9.51800
9,104,0.77000,0.07000,0.26667,0.06011,7.60103
9,121,0.86289,0.07100,0.29133,0.07056,8.42804
9,61,0.89656,0.07400,0.30344,0.06822,8.81506
9,10,0.73478,0.06133,0.25856,0.05733,7.27289
10,113,1.22480,0.11010,0.42410,0.09670,13.45592
10,97,1.28640,0.11340,0.47870,0.10250,14.22507
10,42,1.41420,0.12110,0.51390,0.11410,15.50695
10,71,0.71680,0.06140,0.25500,0.05730,7.89394
10,48,1.22870,0.10810,0.42910,0.09730,13.49204
10,36,1.15120,0.09490,0.40010,0.09160,12.58010
10,135,1.26600,0.10850,0.44650,0.10290,13.87509
10,14,0.80390,0.06880,0.28570,0.07200,8.77389
10,1,0.87300,0.06850,0.28710,0.06840,9.54402
10,125,1.15140,0.09490,0.39980,0.09160,12.58397
10,46,1.01220,0.08180,0.34290,0.08010,11.02198
10,147,0.71720,0.06090,0.25900,0.05790,7.89909
10,142,0.75390,0.06220,0.25770,0.05750,8.31496
10,9,0.72040,0.06090,0.25640,0.05670,7.93590
10,60,1.12040,0.09570,0.39740,0.09210,12.25691
11,140,390452.40625,0.07564,0.32509,0.07491,11.11993
11,51,1.14482,0.09755,0.40973,0.09355,13.78901
11,59,0.88509,0.07518,0.30555,0.07136,10.62696
11,84,0.80900,0.06791,0.28309,0.06691,9.70097
11,16,1.13900,0.09755,0.40418,0.09682,13.72994
11,89,0.70955,0.06082,0.25627,0.05618,8.62700
11,107,0.70727,0.06136,0.25564,0.05782,8.57792
11,2,1.34991,0.11482,0.48573,0.10873,16.28110
11,19,0.74945,0.06500,0.27173,0.06018,9.09612
11,3,0.75655,0.06836,0.26936,0.05755,9.12695
11,142,1.23536,0.11118,0.43591,0.10018,14.94495
11,134,0.84082,0.07400,0.28718,0.06845,10.13098
11,133,1.16736,0.09764,0.41145,0.09318,14.10403
11,101,1.37509,0.11827,0.48827,0.11418,16.61601
11,45,1.14745,0.09745,0.41000,0.09236,13.85411
12,10,0.70058,0.06092,0.25617,0.05667,9.27390
12,66,1.17958,0.10533,0.44158,0.09508,15.65007
12,120,0.70217,0.06192,0.25633,0.05625,9.29407
12,85,1.25725,0.11017,0.45592,0.09992,16.58697
12,56,0.73650,0.06358,0.27167,0.06033,9.75794
12,131,1.04833,0.09017,0.37825,0.08508,13.76502
12,118,1.14075,0.10183,0.39983,0.09367,14.96198
12,38,0.85200,0.07250,0.29133,0.07058,11.20007
12,52,1.16917,0.10250,0.43942,0.09617,15.47199
12,128,0.70008,0.06058,0.25683,0.05583,9.26193
12,50,0.73117,0.06400,0.28008,0.06025,9.65307
12,55,0.98283,0.08500,0.34917,0.08042,12.95893
12,71,0.70292,0.06083,0.26008,0.05583,9.33703
12,89,0.72142,0.06433,0.26550,0.05900,9.56697
12,103,0.82275,0.06833,0.28150,0.06533,10.89489
13,148,1.19854,0.10623,0.43308,0.09431,17.17108
13,110,1.06323,0.09123,0.38554,0.08515,15.16304
13,93,1.09562,0.09685,0.38954,0.08977,15.65895
13,66,1.23431,0.10831,0.44708,0.10115,17.60793
13,20,1.03000,0.08631,0.36385,0.08385,14.66293
13,141,0.70038,0.06015,0.25685,0.05623,10.04296
13,94,1.18315,0.10231,0.42854,0.09577,16.87793
13,4,1.18254,0.10200,0.43192,0.09315,16.96808
13,138,0.97900,0.08746,0.35585,0.07746,14.06303
13,140,0.77969,0.06638,0.27931,0.06415,11.08291
13,31,1.05654,0.09346,0.38015,0.08508,15.08609
13,1,0.69638,0.06038,0.25700,0.05585,9.99303
13,17,0.96092,0.08254,0.35223,0.07708,13.67791
13,134,0.98923,0.08631,0.35185,0.07915,14.12295
13,89,1.08992,0.09623,0.38662,0.09108,15.59096
14,41,0.74057,0.06557,0.27329,0.06129,11.38192
14,25,0.88814,0.07479,0.31986,0.07171,13.61612
14,67,1.15829,0.09836,0.41921,0.09100,17.77600
14,142,1.12629,0.09779,0.41079,0.09329,17.34305
14,65,1.15071,0.10050,0.41829,0.09243,17.67688
14,14,0.74664,0.06571,0.27664,0.06257,11.47301
14,52,1.16229,0.10257,0.41614,0.09286,17.91190
14,73,0.96864,0.08443,0.34836,0.07607,14.91011
14,102,306784.03125,0.05971,306783.68750,0.05493,10.69388
14,3,0.81743,0.07050,0.28829,0.06471,12.54789
14,148,0.76164,0.06129,0.25807,0.05629,11.67311
14,119,0.79393,0.06743,0.27743,0.06329,12.15294
14,27,1.02421,0.09000,0.36750,0.08157,15.74905
14,2,0.69350,0.06000,0.25686,0.05514,10.73007
14,28,1.03707,0.08936,0.37379,0.08343,16.00292
15,109,0.68727,0.05967,0.25587,0.05367,11.38598
15,73,0.68547,0.05980,0.25613,0.05487,11.37603
15,8,1.05747,0.09353,0.38680,0.08513,17.42803
15,11,0.97680,0.08307,0.35107,0.07700,16.12504
15,52,0.97333,0.08380,0.35033,0.07820,16.11000
15,114,1.06753,0.09480,0.39987,0.08540,17.71101
15,2,0.71267,0.06507,0.26027,0.05640,11.77901
15,82,0.89867,0.07933,0.32173,0.07040,14.88108
15,39,1.00800,0.08687,0.36787,0.08027,16.61510
15,46,0.94387,0.08240,0.33687,0.07613,15.55989
15,96,0.68453,0.05967,0.25473,0.05387,11.37999
15,132,1.16387,0.09947,0.42280,0.09307,19.21402
15,19,0.69360,0.05987,0.25540,0.05540,11.48509
15,121,0.68693,0.05960,0.25640,0.05493,11.38589
15,147,0.68947,0.05987,0.25793,0.05573,11.41692
16,61,1.03713,0.09225,0.38369,0.07938,18.36903
16,24,0.98300,0.08469,0.36250,0.07969,17.28192
16,131,0.99969,0.08450,0.36131,0.08106,17.59394
16,38,0.99350,0.08494,0.35938,0.07950,17.44694
16,67,0.68125,0.05969,0.25469,0.05381,12.04698
16,2,0.71881,0.06006,0.26519,0.05456,12.65602
16,76,0.68112,0.05944,0.25581,0.05519,12.06808
16,17,0.68131,0.05969,0.25638,0.05444,12.05703
16,105,1.00138,0.08962,0.36331,0.08038,17.64797
16,58,0.96794,0.08494,0.35388,0.07606,17.06591
16,30,0.68212,0.05956,0.25719,0.05469,12.05697
16,83,1.02450,0.08869,0.37819,0.08175,18.03204
16,139,0.90962,0.07688,0.32756,0.07169,15.95308
16,77,0.78431,0.06713,0.28406,0.06156,13.78796
16,15,0.91100,0.07825,0.32706,0.07600,15.90099
17,10,0.81141,0.06612,0.29094,0.06424,15.11392
17,106,0.72994,0.06506,0.27141,0.05994,13.63306
17,31,1.10765,0.09818,0.40859,0.08747,20.76790
17,25,0.68024,0.05941,0.25494,0.05359,12.78097
17,22,0.96000,0.08288,0.35541,0.07771,17.93606
17,147,0.90994,0.07918,0.33306,0.07224,17.02710
17,104,0.92712,0.07894,0.34682,0.07482,17.37592
17,120,0.93094,0.07947,0.33947,0.07500,17.36499
17,20,0.93347,0.08076,0.33894,0.07624,17.42010
17,19,0.89182,0.07582,0.32135,0.07153,16.63495
17,40,0.67953,0.06018,0.25712,0.05388,12.77401
17,28,0.96859,0.08629,0.35382,0.07906,18.10198
17,70,0.77735,0.06788,0.27624,0.06194,14.53307
17,59,1.14347,0.09935,0.43035,0.09229,21.35807
17,13,0.67853,0.05959,0.25559,0.05318,12.78907
18,4,0.87828,0.07456,0.31917,0.06900,17.34694
18,58,0.67594,0.06022,0.25483,0.05378,13.45291
18,146,0.86506,0.07439,0.31728,0.07094,17.13911
18,1,0.85806,0.07411,0.31506,0.06689,17.05709
18,107,0.69750,0.06167,0.26483,0.05650,13.89389
18,110,1.09072,0.09717,0.40061,0.09183,21.69599
18,28,0.67867,0.05928,0.25472,0.05472,13.54803
18,130,0.70867,0.06367,0.26667,0.05433,14.06603
18,139,0.83167,0.07156,0.30744,0.06911,16.43690
18,125,0.67556,0.05933,0.25539,0.05306,13.45096
18,68,0.92033,0.07794,0.33394,0.07267,18.22790
18,79,0.88439,0.07583,0.32178,0.07439,17.40703
18,147,0.86811,0.07550,0.31844,0.06911,17.18208
18,81,0.88861,0.07883,0.32022,0.07128,17.62010
18,118,0.79561,0.06744,0.28739,0.06283,15.73308
19,119,0.67237,0.06005,0.25484,0.05279,14.13809
19,103,0.95326,0.08547,0.35242,0.07821,19.95389
19,117,0.81611,0.07011,0.30074,0.06553,17.03705
19,24,0.97453,0.08389,0.36011,0.07784,20.35701
19,15,0.94521,0.08395,0.34842,0.07442,19.79211
19,80,226051.65625,0.07468,226051.34375,0.06484,17.49404
19,101,0.84421,0.07353,0.31158,0.06774,17.64899
19,120,0.75237,0.06389,0.27032,0.05937,15.65689
19,99,0.76432,0.06689,0.27811,0.06026,15.97903
19,16,0.67237,0.05895,0.25495,0.05421,14.12398
19,129,0.84042,0.07442,0.30537,0.06658,17.57992
19,34,0.67453,0.05905,0.25616,0.05258,14.17499
19,22,0.90879,0.08084,0.33284,0.07147,19.06294
19,36,226051.50000,226050.95312,0.25416,0.05284,14.13505
19,132,0.83942,0.07379,0.30763,0.06568,17.56297
20,127,0.77640,0.06640,0.28640,0.06150,17.07598
20,18,0.67175,0.05860,0.25565,0.05330,14.86407
20,39,0.66805,0.05875,0.25510,0.05320,14.82096
20,27,0.86235,0.07820,0.31645,0.06865,19.00401
20,135,0.98390,0.08555,0.36600,0.07945,21.69893
20,96,0.71990,0.06310,0.27615,0.05725,15.94007
20,66,0.99045,0.08530,0.36870,0.08045,21.79800
20,50,0.85495,0.07755,0.31235,0.06690,18.86089
20,111,0.78070,0.06600,0.28340,0.06165,17.15909
20,147,0.74915,0.06490,0.27100,0.06120,16.54306
20,23,0.81495,0.07060,0.29800,0.06410,17.90792
20,62,0.67045,0.05875,0.25590,0.05350,14.83692
20,24,0.67615,0.06040,0.25640,0.05260,14.97796
20,125,0.78870,0.06955,0.28760,0.06150,17.37506
20,103,0.83000,0.07230,0.30650,0.06545,18.29597
21,64,0.81633,0.07157,0.29719,0.06667,18.89592
21,23,0.88029,0.07629,0.33514,0.07033,20.32607
21,26,0.67100,0.05852,0.25571,0.05286,15.60107
21,141,0.80752,0.06857,0.29357,0.06433,18.65889
21,146,0.78138,0.06590,0.28595,0.06448,17.93207
21,145,0.72557,0.06229,0.26833,0.05895,16.74711
21,150,0.67010,0.05848,0.25462,0.05314,15.59910
21,31,0.67010,0.05871,0.25362,0.05271,15.57196
21,45,0.76481,0.06667,0.28214,0.06005,17.65898
21,123,0.83033,0.07176,0.30814,0.06690,19.20491
21,79,0.69048,0.05905,0.26162,0.05705,15.99596
21,66,0.78095,0.06943,0.28414,0.06114,18.07509
21,32,0.99305,0.08862,0.36248,0.07871,22.92795
21,49,0.90143,0.07910,0.33529,0.07129,20.84806
21,28,0.70381,0.06605,0.26576,0.05624,16.33093
22,146,0.74182,0.06818,0.26836,0.05768,18.00195
22,126,0.66977,0.05836,0.25450,0.05345,16.31903
22,119,0.78936,0.06909,0.29000,0.06155,19.12307
22,70,0.73818,0.06355,0.26768,0.05650,17.90006
22,43,1.03355,0.09305,0.38282,0.08355,25.11001
22,102,0.76959,0.06582,0.28095,0.06073,18.59700
22,13,0.82586,0.07186,0.30659,0.06536,20.01302
22,61,1.01141,0.08991,0.37995,0.08091,24.56902
22,64,0.66982,0.05905,0.25405,0.05282,16.30495
22,99,0.73300,0.06195,0.26791,0.05755,17.71697
22,111,0.72768,0.06345,0.27727,0.05668,17.71411
22,20,0.95045,0.08873,0.36486,0.07677,23.05289
22,87,0.96723,0.08250,0.35927,0.07623,23.41398
22,95,0.82455,0.07136,0.30664,0.06350,20.03306
22,115,0.88773,0.07718,0.33177,0.07027,21.51406
23,94,0.83652,0.07343,0.31104,0.06565,21.20700
23,83,0.73700,0.06691,0.26948,0.05796,18.69609
23,42,0.95909,0.08417,0.35900,0.07635,24.36511
23,67,0.73639,0.06757,0.26761,0.05748,18.66896
23,72,0.70939,0.06235,0.27117,0.05604,18.13907
23,127,0.67930,0.05822,0.25370,0.05183,17.26997
23,33,0.74370,0.06374,0.28478,0.05878,18.86699
23,147,0.79457,0.06757,0.29161,0.06165,20.10906
23,17,0.85513,0.07352,0.31587,0.06943,21.77007
23,91,0.79522,0.06757,0.29100,0.06243,20.11598
23,134,0.82570,0.07057,0.30522,0.06409,20.89611
23,141,0.67048,0.06052,0.25426,0.05278,17.06297
23,39,0.82561,0.07104,0.30665,0.06530,20.89606
23,25,0.74970,0.06300,0.28187,0.06052,18.90011
23,88,0.71543,0.06187,0.26674,0.05822,18.12605
24,1,0.83108,0.07354,0.31004,0.06663,21.98499
24,143,0.77962,0.06746,0.29063,0.06046,20.61899
24,122,0.68462,0.05988,0.26217,0.05483,18.23002
24,9,0.66808,0.05854,0.25492,0.05171,17.77891
24,16,0.72304,0.06396,0.26517,0.05646,19.15812
24,142,0.96417,0.08346,0.36054,0.07646,25.60999
24,69,0.95975,0.08458,0.35796,0.07604,25.38408
24,150,0.74704,0.06475,0.27758,0.05792,19.74000
24,81,0.84900,0.07250,0.31367,0.06721,22.41512
24,118,0.68354,0.05908,0.26033,0.05496,18.11796
24,88,0.70296,0.06204,0.26633,0.05696,18.59390
24,13,0.79121,0.06696,0.29100,0.06187,20.94301
24,33,0.74596,0.06400,0.28104,0.05958,19.87389
24,99,0.96913,0.08808,0.35963,0.07612,25.67994
24,32,0.76950,0.06921,0.27933,0.06112,20.35405
25,88,0.66676,0.05824,0.25556,0.05260,18.44997
25,7,0.93204,0.08192,0.34720,0.07300,25.73093
25,91,0.79516,0.06956,0.29404,0.06180,21.91103
25,53,0.86556,0.07456,0.32380,0.06844,23.99297
25,140,0.73616,0.06644,0.27012,0.05728,20.28003
25,70,0.66596,0.05864,0.25500,0.05224,18.43298
25,50,0.80808,0.06948,0.30020,0.06368,22.24006
25,125,0.74864,0.06404,0.27772,0.06080,20.60100
25,120,0.67976,0.06000,0.25724,0.05344,18.79988
25,148,0.66588,0.05828,0.25328,0.05300,18.46599
25,133,0.66568,0.05804,0.25492,0.05244,18.45002
25,15,0.93484,0.08228,0.35068,0.07312,25.81304
25,147,171799.31250,0.05944,0.25904,0.05328,18.57200
25,98,0.92056,0.08004,0.34280,0.07340,25.34705
25,118,0.74948,0.06388,0.27864,0.05912,20.61895
26,132,0.72131,0.06119,0.26527,0.05615,20.61389
26,104,0.70396,0.06277,0.26758,0.05696,20.18101
26,128,0.94388,0.08150,0.35423,0.07396,27.06004
26,81,0.72338,0.06158,0.26623,0.05658,20.67311
26,63,0.78885,0.06869,0.28919,0.06096,22.61909
26,46,0.67838,0.06046,0.25481,0.05173,19.50003
26,84,0.78877,0.06885,0.29346,0.06135,22.62111
26,14,0.77658,0.06638,0.29088,0.06104,22.22396
26,129,0.77400,0.06873,0.28738,0.06212,22.21209
26,7,0.72919,0.06450,0.26688,0.05688,20.90689
26,39,0.66912,0.05869,0.25438,0.05150,19.27101
26,122,0.66600,0.05823,0.25431,0.05131,19.16588
26,53,0.70196,0.06142,0.26658,0.05612,20.14388
26,47,1.10577,0.10165,0.41669,0.08635,31.76791
26,30,0.88469,0.07650,0.33165,0.07038,25.33394
27,44,0.92430,0.08041,0.34856,0.07289,27.51202
27,147,0.84389,0.07333,0.31707,0.06504,25.18293
27,92,0.66389,0.05822,0.25452,0.05248,19.84610
27,150,0.66415,0.05796,0.25507,0.05226,19.85505
27,149,0.66459,0.05826,0.25485,0.05222,19.87691
27,47,0.91659,0.08063,0.34296,0.07563,27.33009
27,36,0.83919,0.07322,0.31552,0.06767,25.01591
27,49,0.82881,0.07289,0.31063,0.06526,24.70304
27,81,0.73630,0.06337,0.27263,0.05741,21.91502
27,114,0.66419,0.05815,0.25500,0.05233,19.89097
27,93,0.96393,0.08626,0.36248,0.07556,28.75294
27,39,0.91274,0.08026,0.34441,0.07089,27.19994
27,125,0.71663,0.06074,0.26559,0.05519,21.28812
27,45,0.74948,0.06467,0.27933,0.05830,22.37807
27,132,0.66478,0.05807,0.25389,0.05211,19.89607
28,4,0.66496,0.05864,0.25757,0.05336,20.62599
28,129,0.89543,0.08246,0.33486,0.07086,27.69494
28,51,0.82171,0.07429,0.30514,0.06479,25.40690
28,69,0.66393,0.05900,0.25575,0.05182,20.61704
28,145,0.85514,0.07932,0.31996,0.06925,26.45804
28,1,0.82093,0.07039,0.30607,0.06525,25.32998
28,131,0.69189,0.06086,0.26550,0.05707,21.40100
28,3,0.80196,0.07007,0.29982,0.06286,24.78307
28,89,0.71521,0.06314,0.26529,0.05554,22.12589
28,120,0.68104,0.06111,0.25896,0.05271,21.08692
28,56,0.69193,0.06089,0.26643,0.05543,21.39006
28,49,0.66382,0.05796,0.25518,0.05225,20.57188
28,46,0.84500,0.07571,0.31625,0.06679,26.14090
28,86,0.67896,0.06018,0.25946,0.05386,21.01204
28,84,0.66275,0.05832,0.25429,0.05182,20.56106
29,21,0.84621,0.07410,0.31414,0.06586,27.04200
29,7,0.85193,0.07417,0.32366,0.06783,27.27396
29,45,0.79890,0.06997,0.30000,0.06397,25.59190
29,43,0.82593,0.07259,0.31028,0.06710,26.46406
29,97,0.84710,0.07276,0.32069,0.06738,27.10102
29,130,0.88300,0.07631,0.33407,0.06972,28.22107
29,33,0.79910,0.06959,0.30028,0.06159,25.58211
29,66,0.67972,0.06072,0.26138,0.05328,21.78004
29,106,0.69428,0.06114,0.26621,0.05593,22.20394
29,134,0.88148,0.07607,0.33197,0.07086,28.26109
29,149,0.66203,0.05797,0.25576,0.05207,21.29294
29,92,0.70510,0.06100,0.26500,0.05562,22.51610
29,50,0.88038,0.07738,0.33166,0.07079,28.14899
29,81,0.67441,0.06079,0.25797,0.05214,21.72805
29,135,0.88259,0.08045,0.33069,0.06879,28.31706
30,48,0.65877,0.05843,0.25490,0.05150,21.90188
30,25,0.65863,0.05803,0.25683,0.05133,21.98911
30,84,0.78503,0.06817,0.29373,0.06143,25.94896
30,131,0.65730,0.05850,0.25387,0.05140,21.84694
30,123,0.66220,0.05823,0.25507,0.05373,21.99812
30,80,0.81617,0.07277,0.31047,0.06513,27.04096
30,139,0.83200,0.07653,0.31150,0.06560,27.57594
30,33,0.82460,0.07277,0.31083,0.06557,27.27892
30,113,0.84070,0.07627,0.31410,0.06420,27.83499
30,67,0.83857,0.07450,0.31820,0.06740,27.76691
30,111,0.71537,0.06097,0.27243,0.05633,23.73011
30,126,0.74490,0.06490,0.28167,0.05840,24.83492
30,77,0.73347,0.06283,0.27433,0.05783,24.23098
30,73,0.69023,0.06053,0.26583,0.05467,22.84694
30,120,0.66427,0.05780,0.25577,0.05243,22.07988
31,16,0.76381,0.06748,0.28706,0.06177,26.21099
31,85,0.65813,0.05765,0.25497,0.05252,22.61903
31,87,0.76884,0.06771,0.28952,0.06168,26.38890
31,61,0.78613,0.06977,0.29671,0.06235,26.97906
31,24,0.78800,0.07110,0.29526,0.06365,27.03109
31,94,0.80952,0.07242,0.30419,0.06410,27.88400
31,110,0.74539,0.06306,0.28316,0.05942,25.56096
31,104,0.64219,0.05684,0.24897,0.05084,22.11996
31,4,0.75632,0.06581,0.28529,0.05961,25.92305
31,131,0.80919,0.06987,0.30310,0.06545,27.69694
31,96,0.66242,0.05906,0.25329,0.05281,22.75704
31,36,0.77584,0.06845,0.29361,0.06348,26.58391
31,67,0.78919,0.06984,0.29790,0.06368,27.07602
31,30,0.64597,0.05674,0.24961,0.05087,22.21790
31,73,0.82423,0.07190,0.31332,0.06616,28.25490
32,54,0.62950,0.05594,0.24247,0.05028,22.42697
32,81,0.62784,0.05516,0.24272,0.05003,22.36110
32,133,0.75922,0.06781,0.28781,0.06034,26.91191
32,141,0.66475,0.05819,0.25347,0.05337,23.59104
32,69,0.63616,0.05559,0.24247,0.04978,22.64898
32,27,0.79156,0.06847,0.29625,0.06209,28.13998
32,103,0.74884,0.06462,0.28597,0.05991,26.59503
32,122,0.87128,0.07622,0.33078,0.06884,30.93311
32,77,0.73850,0.06419,0.27891,0.05728,26.27801
32,119,0.86331,0.07556,0.33556,0.06913,30.60295
32,148,0.72903,0.06391,0.27522,0.05728,25.86008
32,29,0.72284,0.06291,0.32069,0.05934,25.41405
32,138,0.62981,0.05563,0.24331,0.04991,22.43791
32,65,0.63941,0.05544,0.24763,0.05262,22.74101
32,127,0.73606,0.06516,0.27738,0.05762,26.09709
33,139,0.73094,0.06448,0.27597,0.05797,26.80089
33,47,0.77527,0.06942,0.29452,0.06182,28.40593
33,140,0.61309,0.05479,0.23700,0.04864,22.61310
33,41,0.67382,0.05861,0.25497,0.05358,24.67700
33,120,0.77273,0.06858,0.29297,0.06079,28.35501
33,116,0.61697,0.05442,0.24045,0.04852,22.69610
33,60,0.71052,0.06100,0.27303,0.05700,26.03104
33,76,0.79109,0.06964,0.29852,0.06339,29.06202
33,29,0.73306,0.06436,0.27658,0.05803,26.88407
33,32,0.71355,0.06148,0.26921,0.05612,26.27206
33,10,0.75942,0.06670,0.29015,0.06097,27.83006
33,7,0.74655,0.06727,0.28100,0.05988,27.38095
33,42,0.61239,0.05448,0.23642,0.04827,22.55691
33,111,0.72797,0.06464,0.27542,0.05815,26.69097
33,50,0.66788,0.06194,0.24921,0.05379,24.50201
34,112,0.75453,0.06835,0.28229,0.05982,28.55597
34,53,0.59874,0.05288,0.23071,0.04788,22.77702
34,2,126323.23438,0.05912,126322.85156,0.05453,26.30996
34,24,0.62021,0.05306,0.23094,0.04782,23.64305
34,67,0.69900,0.06103,0.26406,0.05571,26.44300
34,114,0.62109,0.05526,0.23894,0.04900,23.63091
34,141,0.70318,0.06165,0.26424,0.05556,26.58194
34,90,0.59921,0.05265,0.23068,0.04779,22.80693
34,138,0.74606,0.06500,0.28003,0.06056,28.20700
34,91,0.60012,0.05288,0.23171,0.04747,22.86004
34,26,0.72418,0.06318,0.27244,0.05788,27.35795
34,128,0.70721,0.06206,0.26591,0.05665,26.83699
34,52,0.74191,0.06518,0.28062,0.05921,28.05800
34,50,0.61006,0.05282,0.23374,0.04812,23.15803
34,28,0.70297,0.06212,0.26324,0.05738,26.52389
35,12,0.59571,0.05289,0.22771,0.04791,23.71290
35,44,0.71966,0.06306,0.27103,0.05860,28.09207
35,81,0.68129,0.05954,0.25754,0.05494,26.58500
35,108,0.70169,0.06140,0.26663,0.05586,27.36693
35,145,0.59471,0.05306,0.22866,0.04737,23.33704
35,74,0.69360,0.06100,0.25843,0.05457,27.08812
35,98,0.75991,0.06746,0.28614,0.06283,29.63805
35,122,0.70094,0.06071,0.25974,0.05689,27.34502
35,148,0.64917,0.05623,0.24257,0.05231,25.41696
35,43,0.68071,0.05940,0.25386,0.05526,26.56803
35,37,0.58714,0.05137,0.22503,0.04666,23.06396
35,40,0.75474,0.06731,0.28369,0.05980,29.45700
35,56,0.58846,0.05163,0.22549,0.04731,23.10594
35,140,0.68231,0.06037,0.25843,0.05471,26.61288
35,80,0.58417,0.05183,0.22483,0.04586,22.93195
36,85,0.67817,0.06028,0.25239,0.05469,27.29595
36,26,0.58472,0.05250,0.22186,0.04556,23.64496
36,50,0.71092,0.06144,0.26792,0.05692,28.67011
36,76,0.59672,0.05242,0.22972,0.04786,24.14397
36,145,0.70297,0.06197,0.26481,0.05603,28.26988
36,22,0.57367,0.05092,0.22119,0.04592,23.22891
36,108,0.57511,0.05094,0.22111,0.04578,23.26107
36,65,0.58150,0.05239,0.22028,0.04561,23.49202
36,17,0.77489,0.06861,0.29400,0.06144,31.17006
36,79,0.58361,0.05028,0.22503,0.04581,23.58999
36,45,0.73303,0.06697,0.27328,0.05806,29.53598
36,105,0.68508,0.06000,0.25833,0.05525,27.56311
36,101,119305.30469,0.06306,0.26947,0.05669,28.81891
36,43,0.69650,0.06158,0.26211,0.05478,28.04007
36,81,0.69136,0.06164,0.25822,0.05553,27.85998
37,22,0.56427,0.04968,0.21441,0.04470,23.51405
37,7,0.59046,0.05241,0.22738,0.04719,24.61091
37,40,0.68600,0.06073,0.25838,0.05454,28.41496
37,105,116080.71875,0.05370,116080.52344,0.05005,25.57296
37,120,0.58289,0.05122,0.22668,0.04616,24.30496
37,50,0.69713,0.06035,0.25949,0.05481,28.88792
37,94,0.72251,0.06335,0.27143,0.05859,29.91610
37,58,0.57289,0.05000,0.22651,0.04635,23.83512
37,114,0.62168,0.05481,0.23276,0.04881,25.80899
37,108,0.69370,0.06014,0.26108,0.05514,28.79108
37,93,0.73297,0.06489,0.27503,0.05938,30.30005
37,16,0.71838,0.06419,0.26889,0.05673,29.76411
37,10,0.55914,0.04970,0.21424,0.04446,23.31193
37,143,0.73192,0.06338,0.27505,0.05797,30.26801
37,33,0.56068,0.04981,0.21514,0.04481,23.39402
38,126,0.56603,0.04816,0.22987,0.04445,24.19292
38,72,0.55205,0.04805,0.20882,0.04326,23.70096
38,107,0.64624,0.05629,0.24195,0.05308,27.44210
38,57,0.55053,0.04813,0.21011,0.04526,23.67710
38,125,0.67174,0.05924,0.25245,0.05408,28.64190
38,48,0.54582,0.04808,0.21066,0.04334,23.43795
38,54,0.66992,0.05924,0.25197,0.05379,28.55405
38,123,0.63761,0.05534,0.23979,0.05092,27.21392
38,122,0.54637,0.04816,0.20895,0.04408,23.46208
38,91,0.64979,0.05692,0.24345,0.05195,27.74912
38,39,0.62266,0.05395,0.23221,0.04916,26.55104
38,96,0.58074,0.05013,0.21711,0.04608,24.90909
38,33,0.68526,0.05945,0.25437,0.05418,29.17295
38,30,0.65613,0.05753,0.24674,0.05216,27.96701
38,14,0.54945,0.04824,0.20945,0.04326,23.59493
39,20,0.55705,0.04879,0.21326,0.04636,24.50209
39,66,0.55669,0.04928,0.21238,0.04585,24.50208
39,92,0.53587,0.04672,0.20526,0.04292,23.78609
39,80,0.62510,0.05426,0.23413,0.05056,27.40403
39,75,0.66974,0.05797,0.25028,0.05269,29.40308
39,83,0.67538,0.05913,0.25644,0.05485,29.63000
39,81,0.64903,0.05721,0.24115,0.05259,28.47897
39,108,0.53482,0.04710,0.20528,0.04285,23.64089
39,110,0.64438,0.05585,0.24169,0.05154,28.35597
39,86,0.53767,0.04723,0.20487,0.04223,23.76888
39,122,0.58792,0.05056,0.22067,0.04721,25.81388
39,114,0.53495,0.04779,0.20454,0.04223,23.63198
39,59,0.58628,0.05079,0.21964,0.04846,25.73501
39,115,0.60392,0.05159,0.23156,0.04895,26.41403
39,39,0.65913,0.05828,0.24869,0.05259,28.88601
40,115,0.63145,0.05465,0.23618,0.05080,28.57392
40,15,0.64248,0.05617,0.24075,0.05122,29.12311
40,70,0.64735,0.05650,0.24250,0.05157,29.13802
40,121,0.56275,0.05047,0.20843,0.04505,25.44609
40,33,0.52272,0.04602,0.20060,0.04175,23.76503
40,3,0.59260,0.05120,0.22155,0.04835,26.72500
40,145,0.64010,0.05570,0.24595,0.05142,28.78391
40,56,0.53268,0.04612,0.20160,0.04347,24.15789
40,110,0.63233,0.05437,0.23675,0.05082,28.46595
40,51,0.61412,0.05287,0.22948,0.04905,27.66006
40,8,0.61130,0.05357,0.22868,0.04842,27.54907
40,80,0.63767,0.05607,0.23750,0.05120,28.74092
40,128,0.61350,0.05502,0.22650,0.04852,27.63896
40,99,0.58360,0.05282,0.21560,0.04565,26.36711
40,104,0.63593,0.05627,0.23690,0.05013,28.68010
41,45,0.62737,0.05590,0.23339,0.05041,29.07599
41,68,0.63422,0.05520,0.23771,0.05115,29.42996
41,16,0.60602,0.05461,0.22537,0.04912,28.10094
41,40,0.65329,0.05873,0.24334,0.05276,30.27297
41,7,0.56920,0.04866,0.21120,0.04534,26.33689
41,56,0.60915,0.05393,0.22856,0.04863,28.22001
41,50,0.61168,0.05388,0.22878,0.04878,28.32407
41,79,0.61122,0.05363,0.22861,0.04876,28.30192
41,128,0.61739,0.05388,0.23112,0.04890,28.55499
41,74,0.61193,0.05451,0.23193,0.04932,28.34598
41,54,0.58659,0.05007,0.21768,0.04856,27.12609
41,109,0.51290,0.04493,0.19605,0.04105,23.93905
41,26,0.61351,0.05378,0.23190,0.04961,28.42102
41,120,0.55910,0.04900,0.20802,0.04456,25.92898
41,47,0.58968,0.05161,0.21985,0.04710,27.39302
42,49,0.59755,0.05240,0.22331,0.04750,28.41898
42,46,0.50921,0.04457,0.19300,0.03990,24.38910
42,1,0.67255,0.05926,0.25281,0.05500,32.03106
42,70,0.62443,0.05586,0.23179,0.05040,29.67604
42,35,0.68264,0.05976,0.25893,0.05467,32.38906
42,146,0.50624,0.04393,0.19148,0.04031,24.27590
42,69,0.50260,0.04419,0.19179,0.04048,24.11893
42,19,0.58657,0.05088,0.21864,0.04624,27.86503
42,16,0.52076,0.06205,0.19252,0.04002,24.91212
42,72,0.63755,0.05552,0.24717,0.05050,30.37704
42,123,0.63869,0.05536,0.23819,0.05117,30.27007
42,53,0.50224,0.04414,0.19195,0.04021,24.07695
42,102,0.59700,0.05243,0.22200,0.04862,28.42395
42,148,0.50314,0.04407,0.19229,0.04033,24.10905
42,101,0.56683,0.04914,0.21340,0.04536,26.98111
43,93,0.58788,0.05244,0.21979,0.04737,28.64995
43,6,0.57123,0.04986,0.21200,0.04556,27.89897
43,62,0.50984,0.04612,0.20151,0.04079,24.98711
43,48,0.59495,0.05253,0.22135,0.04826,29.05294
43,12,0.49447,0.04358,0.18942,0.03958,24.30806
43,106,0.60867,0.05353,0.22742,0.04865,29.64693
43,24,0.59828,0.05253,0.22523,0.04774,29.18996
43,122,0.49691,0.04372,0.18840,0.03893,24.43090
43,83,0.60374,0.05709,0.22495,0.04919,29.42499
43,119,0.56479,0.04853,0.20847,0.04507,27.51291
43,22,0.63019,0.05635,0.23519,0.04960,30.69192
43,82,0.56446,0.05105,0.20814,0.04537,27.57995
43,71,0.58891,0.05188,0.22277,0.04674,28.78003
43,98,0.51372,0.04565,0.20193,0.04151,25.24695
43,102,0.57944,0.05200,0.21477,0.04600,28.29192
44,142,0.50416,0.04432,0.19205,0.04023,25.39499
44,83,0.58311,0.05039,0.21659,0.04664,29.20412
44,122,0.53655,0.04795,0.19793,0.04343,26.91906
44,6,0.48391,0.04298,0.18461,0.03909,24.40693
44,136,0.59132,0.05180,0.22109,0.04816,29.54010
44,53,0.62380,0.05495,0.23411,0.04950,31.13788
44,31,0.58307,0.05030,0.21870,0.04730,29.11202
44,104,0.58234,0.05041,0.21500,0.04689,29.11309
44,55,0.55098,0.06016,0.19877,0.04343,27.52610
44,43,0.59359,0.05214,0.22586,0.04791,29.64899
44,35,0.56773,0.05086,0.21050,0.04532,28.43301
44,21,0.49123,0.04398,0.18605,0.03934,24.75901
44,12,97613.42188,0.05020,97613.13281,0.04634,29.03106
44,110,0.56014,0.04884,0.20732,0.04566,28.11305
44,146,0.52009,0.04602,0.19195,0.04143,26.09899
45,97,0.47504,0.04184,0.18047,0.03836,24.56992
45,110,0.52840,0.04636,0.19533,0.04262,27.14593
45,69,0.47476,0.04204,0.18071,0.03787,24.57608
45,73,0.55936,0.05053,0.20698,0.04538,28.70490
45,31,0.52776,0.04627,0.19398,0.04202,27.15291
45,8,0.51576,0.04502,0.19189,0.04124,26.49707
45,49,0.58462,0.05113,0.21762,0.04767,29.93091
45,108,0.47618,0.04164,0.18053,0.03796,24.62894
45,145,0.58289,0.05084,0.23020,0.04778,29.63988
45,60,0.57764,0.04973,0.21664,0.04649,29.55303
45,18,0.55371,0.04796,0.20680,0.04469,28.35898
45,39,0.61936,0.05344,0.23387,0.05053,31.61688
45,14,0.47504,0.04200,0.18184,0.03807,24.56309
45,58,0.55978,0.05029,0.20531,0.04489,28.73810
45,3,0.56333,0.04996,0.21084,0.04516,28.89996
46,47,0.47787,0.04172,0.18407,0.03904,25.24701
46,122,0.46646,0.04085,0.17809,0.03763,24.72700
46,72,0.46687,0.04167,0.17720,0.03702,24.73795
46,64,0.55424,0.04870,0.20648,0.04509,29.09993
46,40,0.51454,0.04448,0.19067,0.04135,27.03008
46,121,0.56285,0.05030,0.20887,0.04522,29.55194
46,30,0.58643,0.05189,0.22163,0.04726,30.80891
46,126,0.60046,0.05265,0.22439,0.04804,31.45993
46,59,0.47728,0.04278,0.17959,0.03798,25.23097
46,38,0.62483,0.05420,0.23252,0.05004,32.63004
46,48,0.56065,0.04930,0.20770,0.04467,29.39401
46,120,0.55483,0.04915,0.20672,0.04417,29.12289
46,36,0.57115,0.04976,0.21387,0.04591,29.97507
46,56,0.46624,0.04074,0.17713,0.03733,24.72695
46,76,0.58478,0.05043,0.22054,0.04739,30.64097
47,81,0.45749,0.04004,0.17432,0.03670,24.84311
47,36,0.52938,0.04649,0.19745,0.04340,28.53089
47,139,0.51694,0.04464,0.19370,0.04177,27.81692
47,19,0.52221,0.04551,0.19198,0.04174,28.14299
47,12,0.46989,0.04023,0.17436,0.03717,25.42199
47,48,0.55026,0.04747,0.20428,0.04457,29.50905
47,106,0.45847,0.04021,0.17430,0.03636,24.88489
47,47,0.54615,0.04798,0.20381,0.04368,29.30606
47,33,0.53723,0.04753,0.19817,0.04377,28.90800
47,72,0.52598,0.04615,0.19568,0.04202,28.30797
47,143,0.45762,0.04038,0.17502,0.03694,24.85006
47,104,0.56121,0.04879,0.21079,0.04523,30.11201
47,131,0.54564,0.04764,0.20366,0.04383,29.31190
47,38,0.46498,0.04021,0.17785,0.03657,25.24591
47,120,0.53647,0.04715,0.19974,0.04394,28.76895
48,131,0.52602,0.04519,0.19475,0.04196,28.89297
48,93,0.64931,0.05744,0.24579,0.05306,35.49902
48,117,0.48340,0.04273,0.17762,0.03871,26.81289
48,86,0.45065,0.03946,0.17085,0.03621,25.03606
48,2,0.51971,0.04452,0.19360,0.04198,28.59602
48,44,0.53760,0.04619,0.20054,0.04335,29.53401
48,128,0.52758,0.04712,0.19467,0.04262,29.06196
48,45,0.55023,0.04848,0.20054,0.04302,30.20412
48,40,0.52179,0.04692,0.19223,0.04137,28.77301
48,97,0.45046,0.03965,0.17098,0.03602,25.03395
48,26,0.52450,0.04504,0.19440,0.04246,28.82308
48,144,0.50523,0.04423,0.18748,0.04077,27.82209
48,36,0.56431,0.04902,0.21252,0.04517,30.98901
48,143,0.56723,0.05050,0.21600,0.04542,31.39396
48,92,0.55550,0.04825,0.20685,0.04483,30.59905
49,16,0.44343,0.03882,0.16798,0.03518,25.20406
49,48,0.54327,0.04698,0.20335,0.04398,30.51293
49,26,0.48806,0.04182,0.18008,0.03937,27.49809
49,34,0.53027,0.04580,0.19796,0.04271,29.97106
49,104,87652.74219,0.03880,0.16882,0.03614,25.27788
49,71,0.46120,0.04006,0.17343,0.04731,26.08296
49,107,0.50198,0.04388,0.18527,0.04041,28.26707
49,42,0.49678,0.04331,0.18304,0.03927,28.02393
49,120,0.44331,0.03855,0.16794,0.03592,25.19296
49,22,0.52496,0.04567,0.19316,0.04214,29.51992
49,17,87652.87500,0.04980,0.21302,0.04782,32.07096
49,78,0.57398,0.04980,0.21465,0.04610,32.14806
49,74,0.46965,0.04410,0.17649,0.03820,26.60800
49,139,0.48018,0.04184,0.17649,0.03855,27.09404
49,12,0.51853,0.04455,0.19088,0.04261,29.12891
50,137,0.45150,0.04006,0.17006,0.03688,26.14597
50,3,0.49476,0.04264,0.18252,0.03990,28.52401
50,143,0.43786,0.03802,0.16530,0.03524,25.43991
50,59,0.44340,0.03874,0.16798,0.03572,25.79697
50,18,0.56810,0.05010,0.21152,0.04568,32.57691
50,30,0.45110,0.03948,0.16934,0.03618,26.16497
50,71,0.52660,0.04638,0.19436,0.04182,30.29794
50,11,85899.82031,0.04928,85899.57812,0.04454,31.96695
50,107,0.50646,0.04460,0.18608,0.04096,29.20290
50,118,0.57262,0.05028,0.21456,0.04598,32.82810
50,35,0.46834,0.03970,0.17150,0.03826,27.10094
50,25,0.50592,0.04380,0.18816,0.04194,29.08206
50,61,0.43636,0.03824,0.16574,0.03522,25.37211
50,51,0.52582,0.04624,0.19312,0.04278,30.23695
50,60,0.45218,0.03952,0.17076,0.03730,26.16003
51,7,0.51086,0.04482,0.18841,0.04149,29.99900
51,23,0.56235,0.05198,0.21335,0.04675,32.85393
51,145,0.42927,0.03753,0.16245,0.03461,25.52307
51,74,0.49384,0.04341,0.18308,0.04024,29.05492
51,106,0.50682,0.04425,0.18727,0.04182,29.82692
51,87,84215.45312,0.04437,0.18988,0.04271,30.32208
51,51,0.49463,0.04298,0.18245,0.04059,29.09597
51,80,0.50584,0.04424,0.18696,0.04163,29.75800
51,66,0.43008,0.03790,0.16206,0.03494,25.53795
51,140,0.46857,0.04000,0.17098,0.03669,27.62489
51,10,0.49161,0.04276,0.18206,0.03865,29.03289
51,102,0.53125,0.05033,0.19573,0.04280,31.13206
51,69,0.51327,0.04425,0.18557,0.04163,30.14404
51,133,0.42916,0.03755,0.16235,0.03455,25.50305
51,54,0.43627,0.03792,0.16222,0.03545,25.88093
52,37,0.48042,0.04306,0.17613,0.03883,28.90989
52,105,0.42342,0.03713,0.16033,0.03429,25.71091
52,54,0.42915,0.03821,0.16169,0.03438,26.00090
52,46,0.46762,0.04104,0.17104,0.03829,28.15712
52,48,0.42483,0.03737,0.16098,0.03371,25.76702
52,125,0.49973,0.04392,0.19025,0.04035,29.96506
52,5,0.51937,0.04556,0.19242,0.04154,31.20097
52,104,0.50598,0.04337,0.18662,0.04035,30.32402
52,118,0.46244,0.04021,0.17083,0.03817,27.82212
52,55,0.55306,0.04821,0.20585,0.04483,33.11899
52,28,0.46879,0.04190,0.17060,0.03687,28.22789
52,120,0.49029,0.04260,0.18171,0.03969,29.43099
52,103,0.42525,0.03706,0.15962,0.03462,25.82896
52,15,0.49737,0.04344,0.18388,0.03983,29.88502
52,123,0.46315,0.03973,0.17098,0.03754,27.88008
53,36,0.48215,0.04236,0.17857,0.03915,29.58798
53,145,0.41766,0.03694,0.15711,0.03360,25.87597
53,18,0.47583,0.04117,0.17402,0.03808,29.21390
53,44,0.45404,0.03900,0.16815,0.03636,27.90005
53,137,0.48045,0.04196,0.17700,0.03975,29.47890
53,43,81037.50000,0.03908,0.16643,0.03742,27.79499
53,121,0.45628,0.04081,0.17081,0.03623,28.14089
53,138,0.47204,0.04043,0.17402,0.03787,29.07600
53,67,0.51100,0.04406,0.18957,0.04140,31.26308
53,110,0.47709,0.04162,0.17568,0.03957,29.31902
53,55,0.41687,0.03655,0.15708,0.03353,25.84610
53,136,0.47947,0.04204,0.17662,0.03804,29.49902
53,17,0.47451,0.04145,0.17589,0.03730,29.31690
53,80,0.47630,0.04083,0.17355,0.03770,29.17894
53,112,0.47740,0.04179,0.17634,0.03891,29.33908
54,13,0.47393,0.04117,0.17578,0.03819,29.69695
54,121,0.42385,0.03593,0.15830,0.03450,26.74702
54,132,0.48367,0.04248,0.17670,0.03889,30.27392
54,141,0.46507,0.04007,0.17109,0.03752,29.22592
54,41,0.46241,0.03987,0.17087,0.03719,29.01395
54,92,0.47998,0.04109,0.17707,0.03911,29.98600
54,111,0.45106,0.03878,0.16628,0.03669,28.28610
54,68,0.52530,0.04557,0.19507,0.04335,32.77292
54,7,79536.81250,0.04124,79536.68750,0.03819,29.62894
54,140,0.46722,0.04009,0.17122,0.03815,29.23188
54,8,0.45439,0.04048,0.16570,0.03626,28.63704
54,24,0.46420,0.03989,0.17141,0.03739,29.08004
54,48,0.46389,0.03991,0.17059,0.03704,29.04989
54,147,0.47759,0.04180,0.17578,0.03835,29.96107
54,39,0.41091,0.03620,0.15433,0.03326,26.04695
55,74,0.40842,0.03551,0.15518,0.03273,26.35507
55,61,0.44382,0.03822,0.16287,0.03571,28.40993
55,3,0.45358,0.03902,0.16635,0.03647,29.02898
55,109,0.46975,0.04035,0.17296,0.03840,29.97409
55,117,0.47495,0.04144,0.17511,0.03760,30.36205
55,86,0.49084,0.04222,0.18762,0.04029,31.22994
55,67,0.45422,0.03904,0.16804,0.03675,29.06706
55,142,0.45793,0.03964,0.16842,0.03653,29.29000
55,26,0.42107,0.03689,0.15853,0.03460,27.17907
55,128,0.45795,0.03944,0.16791,0.03680,29.35696
55,46,0.57060,0.05024,0.21258,0.04816,36.07700
55,96,0.46564,0.04013,0.17258,0.03856,29.82006
55,8,0.46767,0.04055,0.17373,0.03745,29.87002
55,53,0.53905,0.04836,0.20169,0.04318,34.24308
55,56,0.40551,0.03542,0.15242,0.03282,26.19192
56,23,0.45287,0.04018,0.16516,0.03729,29.58800
56,125,0.45693,0.04012,0.16680,0.03646,29.80409
56,100,0.39979,0.03516,0.15029,0.03232,26.36891
56,4,0.46809,0.04105,0.17298,0.03695,30.54996
56,139,0.46245,0.04036,0.17012,0.03814,30.11797
56,73,0.41280,0.03627,0.16023,0.03275,27.08702
56,77,0.49121,0.04486,0.18384,0.04030,32.08292
56,14,0.44829,0.03900,0.16716,0.03645,29.30900
56,12,0.44855,0.03841,0.17637,0.03495,29.34495
56,148,0.39871,0.03486,0.14971,0.03262,26.32103
56,78,0.48211,0.04259,0.17800,0.03902,31.35199
56,67,0.44684,0.03861,0.16480,0.03575,29.15904
56,99,0.44146,0.03762,0.16037,0.03552,28.77203
56,130,0.46084,0.03975,0.17118,0.03773,30.10694
56,32,0.44014,0.03789,0.16073,0.03518,28.70907
57,68,0.45528,0.04077,0.16593,0.03761,30.30290
57,71,0.45325,0.04021,0.16625,0.03635,30.20598
57,146,0.44553,0.03800,0.16275,0.03618,29.62003
57,120,0.43861,0.03828,0.16133,0.03553,29.19900
57,70,0.45963,0.04002,0.17005,0.03721,30.56997
57,50,0.39323,0.03421,0.14833,0.03191,26.51003
57,32,0.44070,0.03819,0.16258,0.03596,29.32997
57,28,0.41767,0.03593,0.15368,0.03347,28.14298
57,54,0.47695,0.04063,0.17856,0.03840,31.68293
57,38,0.43342,0.03686,0.15791,0.03461,28.87894
57,8,0.47135,0.04140,0.17474,0.03725,31.30710
57,126,0.48653,0.04284,0.18011,0.04040,32.33208
57,57,0.45225,0.04277,0.16568,0.03618,30.19308
57,25,0.46833,0.04039,0.17381,0.03802,31.03993
57,105,0.39321,0.03447,0.14770,0.03172,26.44893
58,119,0.42286,0.03659,0.15555,0.03460,28.73799
58,26,74051.49219,0.03786,0.16122,0.03512,29.63296
58,80,0.38959,0.03409,0.14633,0.03084,26.73600
58,121,0.42459,0.03674,0.15624,0.03529,29.03408
58,84,0.38898,0.03372,0.14622,0.03131,26.69108
58,29,0.44314,0.03850,0.16183,0.03526,30.04711
58,118,0.42833,0.03710,0.15655,0.03436,29.07290
58,77,0.44433,0.03879,0.16221,0.03593,30.12702
58,2,0.40503,0.03548,0.15124,0.03312,27.73406
58,146,0.51164,0.04403,0.18931,0.04078,34.40805
58,74,0.38924,0.03429,0.14652,0.03147,26.69708
58,10,0.44295,0.03762,0.16172,0.03529,29.95807
58,137,0.46633,0.04086,0.17250,0.03748,31.54208
58,31,0.44022,0.03783,0.16100,0.03541,29.82802
58,105,0.41452,0.03524,0.15152,0.03286,28.23391
59,78,0.42490,0.03629,0.15536,0.03446,29.48488
59,67,0.42512,0.03731,0.15554,0.03437,29.43896
59,91,0.44663,0.03825,0.16464,0.03614,30.76704
59,105,0.43271,0.03708,0.15942,0.03527,29.88011
59,73,0.40239,0.03429,0.15353,0.03302,27.93001
59,121,0.42215,0.03598,0.15469,0.03414,29.20898
59,89,0.52053,0.04653,0.19268,0.04173,35.68508
59,95,0.39764,0.03403,0.14469,0.03117,27.65597
59,83,0.43098,0.03849,0.15483,0.03393,29.77996
59,119,0.45210,0.03944,0.16749,0.03590,31.18795
59,125,0.42210,0.03624,0.15451,0.03400,29.20603
59,60,0.42610,0.03675,0.15493,0.03378,29.44101
59,14,0.41451,0.03593,0.15188,0.03275,28.73794
59,22,0.43007,0.03727,0.15954,0.03466,29.76190
59,13,0.43247,0.03729,0.15969,0.03537,29.89011
60,111,71583.16406,0.03323,0.14293,0.03067,27.15600
60,122,0.46453,0.04008,0.17075,0.03752,32.62302
60,99,0.41927,0.03575,0.15282,0.03390,29.51297
60,131,0.43863,0.03638,0.16272,0.03587,30.81008
60,51,0.42553,0.03725,0.15620,0.03482,29.96910
60,49,0.38230,0.03405,0.14315,0.03057,27.18507
60,1,0.42833,0.03663,0.15707,0.03463,30.13796
60,130,0.44338,0.03930,0.16298,0.03543,31.18106
60,43,0.42755,0.03703,0.15777,0.03482,30.10410
60,52,0.38213,0.03320,0.14327,0.03070,27.16399
60,41,0.45040,0.03907,0.16667,0.03638,31.58709
60,37,0.42880,0.03733,0.15755,0.03457,30.14412
60,39,0.42815,0.03675,0.15883,0.03480,30.08889
60,97,0.45980,0.03997,0.16878,0.03813,32.24300
60,125,0.42945,0.03668,0.15738,0.03498,30.18490
61,140,0.50651,0.04367,0.18690,0.04131,35.95010
61,138,0.40318,0.03438,0.14695,0.03251,28.94090
61,9,0.39141,0.03320,0.14241,0.03041,28.35497
61,2,0.42354,0.03784,0.15203,0.03352,30.36205
61,128,0.49870,0.04367,0.18472,0.04015,35.41890
61,114,0.44139,0.03892,0.16318,0.03690,31.56996
61,143,0.42718,0.03643,0.15595,0.03418,30.60792
61,113,0.48687,0.04139,0.17010,0.03766,34.54388
61,150,0.37841,0.03303,0.14177,0.03074,27.41402
61,81,0.37862,0.03300,0.14195,0.03020,27.46806
61,105,0.42566,0.03656,0.15587,0.03456,30.47607
61,131,0.42398,0.03641,0.15630,0.03456,30.36599
61,147,0.47074,0.04182,0.17366,0.03851,33.55590
61,35,0.41674,0.03685,0.15118,0.03348,29.89689
61,64,0.37895,0.03346,0.14197,0.03054,27.42804
62,136,0.42995,0.03731,0.15705,0.03500,31.30703
62,26,0.44776,0.03929,0.16335,0.03708,32.55407
62,72,0.41806,0.03632,0.15300,0.03376,30.55204
62,13,0.38648,0.03403,0.14384,0.03110,28.40108
62,15,0.48973,0.04239,0.18158,0.04034,35.38398
62,84,0.38608,0.03397,0.14263,0.03153,28.35099
62,37,0.41366,0.03584,0.15445,0.03315,30.12803
62,122,0.39037,0.03394,0.14615,0.03127,28.73602
62,115,0.43800,0.03810,0.16081,0.03548,31.84493
62,2,0.46258,0.04073,0.16769,0.03805,33.54891
62,33,0.40468,0.03511,0.14819,0.03213,29.63097
62,112,0.52111,0.04434,0.19850,0.04187,37.47892
62,108,0.37815,0.03279,0.14044,0.03029,27.85807
62,23,0.37605,0.03295,0.13948,0.03052,27.70610
62,64,0.38047,0.03292,0.14294,0.03071,28.01595
63,141,0.44444,0.03873,0.16314,0.03578,32.85196
63,116,0.43825,0.03786,0.16073,0.03559,32.39100
63,48,0.41446,0.03617,0.15114,0.03375,30.75695
63,26,0.38276,0.03363,0.14143,0.03170,28.57202
63,85,0.37338,0.03289,0.13876,0.03027,27.98989
63,125,0.37276,0.03244,0.13873,0.02997,28.02194
63,52,0.37948,0.03313,0.14084,0.03095,28.40600
63,54,0.41525,0.03643,0.15151,0.03378,30.85489
63,44,0.48614,0.04210,0.17908,0.03913,35.71406
63,127,0.37398,0.03241,0.13916,0.03024,28.05293
63,144,0.49400,0.04327,0.18376,0.03971,36.30208
63,9,0.39605,0.03363,0.14365,0.03179,29.54992
63,31,0.39890,0.03471,0.14529,0.03140,29.68597
63,74,0.40846,0.03494,0.14854,0.03257,30.27790
63,61,0.40305,0.03551,0.14570,0.03333,29.94798
64,55,0.42422,0.03662,0.15578,0.03428,31.93490
64,7,0.38944,0.03472,0.14284,0.03131,29.47095
64,149,0.47013,0.04059,0.17278,0.03822,35.38603
64,77,67109.25000,0.04139,67109.06250,0.03817,35.47302
64,113,0.38091,0.03328,0.14022,0.03080,28.90508
64,74,0.42359,0.03662,0.15556,0.03439,32.00502
64,104,0.43006,0.03692,0.15652,0.03569,32.23612
64,146,0.37117,0.03269,0.13794,0.02991,28.30210
64,53,0.41962,0.03658,0.15227,0.03375,31.62411
64,35,0.39086,0.03333,0.14212,0.03166,29.57792
64,36,0.39203,0.03355,0.14283,0.03127,29.69698
64,90,0.38158,0.03375,0.14716,0.03106,28.96090
64,126,0.39817,0.03450,0.14484,0.03180,30.12399
64,16,0.39275,0.03361,0.14159,0.03156,29.80193
64,82,0.37003,0.03255,0.13769,0.03009,28.21299
65,35,0.50815,0.04395,0.20728,0.04237,38.20309
65,37,0.41332,0.03600,0.14995,0.03338,31.71006
65,107,0.36569,0.03195,0.13602,0.02948,28.39509
65,148,0.37355,0.03260,0.14012,0.03009,28.92101
65,74,0.38926,0.03325,0.14054,0.03138,29.91293
65,124,0.46982,0.04157,0.17283,0.03806,35.80002
65,65,0.36662,0.03183,0.13638,0.02980,28.42898
65,40,0.48608,0.04209,0.17915,0.03928,36.94402
65,73,0.38643,0.03306,0.14097,0.03129,29.72802
65,33,0.36728,0.03195,0.13662,0.02965,28.51310
65,16,0.38937,0.03329,0.14120,0.03157,30.01099
65,13,0.36854,0.03205,0.13606,0.02972,28.56592
65,117,0.39462,0.03426,0.14277,0.03138,30.41612
65,23,0.36600,0.03189,0.13591,0.02985,28.41211
65,114,0.38789,0.03342,0.14080,0.03162,29.89996
66,22,0.38367,0.03329,0.14023,0.03112,30.01398
66,33,0.39803,0.03442,0.14420,0.03218,31.14696
66,63,0.46906,0.03991,0.17306,0.03802,36.24794
66,82,0.46720,0.04070,0.17053,0.03762,36.13310
66,144,0.39120,0.03397,0.14292,0.03100,30.57211
66,58,0.41161,0.03595,0.14895,0.03350,32.08190
66,128,0.38364,0.03283,0.13920,0.03126,30.01196
66,55,0.41744,0.03586,0.15220,0.03385,32.48603
66,50,0.36326,0.03170,0.13479,0.02906,28.62096
66,125,0.38821,0.03441,0.14426,0.03258,30.30209
66,127,0.39997,0.03492,0.14448,0.03227,31.25193
66,47,0.37350,0.03317,0.13855,0.03026,29.42402
66,81,0.39883,0.03442,0.14429,0.03183,31.22508
66,6,0.36374,0.03180,0.13511,0.02933,28.68909
66,32,0.36336,0.03168,0.13465,0.02936,28.63493
67,56,0.40233,0.03478,0.14627,0.03248,31.86509
67,144,0.38260,0.03242,0.14007,0.03227,30.48608
67,103,0.36139,0.03146,0.13313,0.02879,28.98105
67,65,0.41260,0.03560,0.15063,0.03333,32.62808
67,130,0.37640,0.03269,0.13857,0.03100,29.95595
67,121,0.39587,0.03443,0.14290,0.03207,31.45911
67,25,0.38563,0.03351,0.13878,0.03146,30.66711
67,71,0.36013,0.03155,0.13412,0.02882,28.86504
67,131,0.36025,0.03160,0.13315,0.02897,28.88292
67,48,0.41025,0.03566,0.14982,0.03303,32.56901
67,22,0.39128,0.03363,0.14325,0.03182,31.05989
67,70,0.37387,0.03279,0.14164,0.03052,29.81890
67,145,0.37891,0.03270,0.13851,0.03096,30.23011
67,27,0.40455,0.03555,0.14649,0.03258,32.09102
67,79,0.36043,0.03131,0.13363,0.02919,28.96809
68,20,0.44322,0.03851,0.16185,0.03574,35.58696
68,92,0.40141,0.03434,0.14560,0.03279,32.30704
68,4,0.36431,0.03259,0.13253,0.02924,29.62709
68,52,0.39081,0.03378,0.14078,0.03165,31.58598
68,35,0.42356,0.03643,0.15401,0.03431,34.06888
68,119,0.37938,0.03291,0.14503,0.03076,30.68595
68,46,0.40485,0.03534,0.14716,0.03266,32.60910
68,81,0.41921,0.03638,0.15359,0.03425,33.65311
68,23,0.36922,0.03247,0.13482,0.02988,29.95010
68,8,0.39837,0.03462,0.14449,0.03272,32.07793
68,47,0.46243,0.03994,0.17060,0.03725,36.96607
68,128,0.46425,0.04156,0.16999,0.03734,37.08408
68,63,0.41040,0.03528,0.14934,0.03285,33.04808
68,112,0.41615,0.03597,0.15069,0.03457,35.48993
68,130,0.38453,0.03346,0.13891,0.03163,31.05501
69,113,0.44700,0.03886,0.16388,0.03684,36.33194
69,61,0.42225,0.03710,0.15283,0.03371,34.44410
69,70,0.35516,0.03113,0.13138,0.02836,29.39610
69,107,0.37751,0.03314,0.13636,0.03048,31.00004
69,92,0.44713,0.03871,0.16443,0.03601,36.41010
69,57,0.36288,0.03214,0.13441,0.02932,29.91308
69,54,0.35410,0.03100,0.13072,0.02881,29.34305
69,52,0.40258,0.03501,0.14684,0.03228,32.91390
69,101,0.35452,0.03104,0.13203,0.02861,29.33401
69,136,0.39028,0.03404,0.14243,0.03178,32.00006
69,145,62246.21094,0.03199,0.13567,0.03075,30.94803
69,77,0.39555,0.03446,0.14296,0.03154,32.33610
69,129,0.45059,0.03786,0.15633,0.03494,36.44511
69,51,0.47783,0.04443,0.17768,0.03868,38.55896
69,11,0.37254,0.03203,0.13559,0.03020,30.96007
70,146,0.35546,0.03140,0.13051,0.02899,29.84402
70,21,61356.94141,0.03073,0.12973,0.02876,29.63994
70,35,0.40384,0.03540,0.14663,0.03327,33.46210
70,19,0.35161,0.03090,0.13000,0.02840,29.55490
70,29,0.35520,0.03067,0.13056,0.02846,29.82011
70,1,0.36056,0.03091,0.13243,0.02949,30.19807
70,24,0.37820,0.03271,0.13683,0.03071,31.52789
70,89,0.35874,0.03131,0.12986,0.02916,30.06409
70,123,0.44727,0.03931,0.16394,0.03590,36.93103
70,124,0.40057,0.03517,0.14474,0.03201,33.24211
70,49,0.44344,0.03924,0.16293,0.03569,36.63598
70,82,0.44794,0.05860,0.15604,0.03431,36.83611
70,34,0.45537,0.03943,0.16681,0.03680,37.48507
70,45,0.35337,0.03066,0.13067,0.02864,29.67991
70,36,0.45191,0.03936,0.16533,0.03690,37.20499
71,2,0.38393,0.03352,0.13946,0.03127,32.45198
71,56,0.37062,0.03172,0.13275,0.02966,31.36499
71,57,0.37449,0.03286,0.14045,0.03104,31.69088
71,66,0.34901,0.03048,0.12892,0.02820,29.78388
71,149,0.35635,0.03159,0.12951,0.02782,30.36909
71,74,0.39979,0.03463,0.14594,0.03245,33.66092
71,13,0.42928,0.03723,0.15785,0.03601,36.02610
71,32,0.43108,0.03838,0.15683,0.03517,36.12610
71,3,0.36045,0.03173,0.13201,0.02924,30.64607
71,26,0.36210,0.03196,0.13337,0.03039,30.74289
71,144,0.40448,0.03549,0.14837,0.03420,34.12007
71,101,0.36628,0.03289,0.13280,0.03014,31.01903
71,59,0.38741,0.03351,0.14068,0.03090,32.71210
71,119,0.36870,0.03166,0.13294,0.02997,31.22592
71,106,0.36069,0.03149,0.13406,0.02996,30.64807
72,101,0.36174,0.03147,0.13201,0.02968,31.14904
72,2,0.38321,0.03325,0.13940,0.03092,32.84688
72,27,0.37804,0.03228,0.13644,0.03044,32.42898
72,113,0.35944,0.03140,0.13217,0.02957,30.98897
72,40,0.41269,0.03597,0.14999,0.03424,35.22695
72,110,0.37618,0.03231,0.13594,0.03056,32.27000
72,127,0.43493,0.03792,0.15926,0.03517,36.95809
72,10,0.35761,0.03138,0.13249,0.02956,30.88509
72,133,0.43590,0.03768,0.15922,0.03529,37.04203
72,88,0.34649,0.03022,0.12872,0.02763,30.03699
72,21,0.34611,0.03042,0.12785,0.02775,29.99203
72,140,0.38065,0.03317,0.13808,0.03053,32.66705
72,50,0.39683,0.03444,0.14329,0.03131,34.00505
72,37,0.34939,0.03031,0.12772,0.02829,30.24609
72,23,0.42815,0.03793,0.15507,0.03468,36.67004
73,14,0.34849,0.03041,0.12727,0.02895,30.60389
73,59,0.38211,0.03303,0.13903,0.03111,33.16307
73,5,0.38222,0.03285,0.13834,0.03100,33.25600
73,106,0.43216,0.03758,0.15816,0.03501,37.65992
73,97,0.42610,0.03752,0.15564,0.03422,36.83611
73,128,0.34388,0.03005,0.12674,0.02764,30.29703
73,44,0.36196,0.03188,0.12959,0.02907,31.96199
73,33,0.37112,0.03281,0.13571,0.03026,32.43996
73,16,0.40755,0.03566,0.14814,0.03236,35.29495
73,60,0.35375,0.03125,0.12937,0.02925,31.05410
73,98,0.37018,0.03225,0.13396,0.02993,32.28406
73,25,0.38836,0.03395,0.14064,0.03119,33.95208
73,9,0.34534,0.03001,0.12722,0.02812,30.36904
73,144,0.38653,0.03325,0.13984,0.03082,33.56209
73,92,0.34423,0.03004,0.12663,0.02821,30.27291
74,57,0.35504,0.03077,0.12984,0.02907,31.51690
74,128,0.37664,0.03289,0.13645,0.03043,33.27889
74,95,0.34718,0.03034,0.12750,0.02830,30.91901
74,127,0.42236,0.03676,0.15278,0.03385,36.96511
74,104,0.43399,0.03815,0.15934,0.03512,37.98404
74,34,0.36835,0.03189,0.13285,0.03035,33.15010
74,51,0.40704,0.03550,0.14934,0.03311,35.72290
74,130,0.34968,0.03031,0.13291,0.02862,31.11709
74,53,0.34193,0.03061,0.12570,0.02749,30.57696
74,122,0.34157,0.02989,0.12555,0.02754,30.50502
74,103,0.38091,0.03281,0.13745,0.03132,33.59211
74,22,0.34136,0.02968,0.12522,0.02757,30.49805
74,64,0.34155,0.02982,0.12581,0.02723,30.50597
74,65,0.35731,0.03164,0.13182,0.02914,31.81908
74,44,0.41288,0.03624,0.15027,0.03300,36.32688
75,3,0.40249,0.03544,0.14621,0.03243,35.92503
75,84,0.40679,0.03481,0.14877,0.03273,36.41908
75,148,0.41635,0.03760,0.15071,0.03369,37.09689
75,129,0.33919,0.02988,0.12443,0.02727,30.80402
75,113,57266.48828,0.03007,0.12471,0.02775,30.94195
75,70,0.34257,0.03060,0.12457,0.02737,31.06504
75,21,0.41427,0.03585,0.15093,0.03351,36.96994
75,80,0.33905,0.02959,0.12499,0.02724,30.89707
75,20,0.35952,0.03181,0.13193,0.03032,32.31504
75,145,0.37113,0.03249,0.13325,0.02985,33.42899
75,37,57266.47266,0.02961,0.12520,57266.24609,30.88603
75,75,0.41393,0.03613,0.15073,0.03335,36.84199
75,12,57266.53906,0.03560,57266.37891,0.03280,36.12509
75,115,0.34704,0.03044,0.12716,0.02892,31.33292
75,49,0.37336,0.03208,0.13517,0.03009,33.34411
76,21,0.40264,0.03521,0.14601,0.03233,36.47905
76,79,0.40557,0.03584,0.14747,0.03234,36.73689
76,83,0.36667,0.03175,0.13151,0.02925,33.35208
76,100,0.37667,0.03239,0.13545,0.02988,34.21500
76,138,56513.03125,0.03617,0.14895,0.03466,37.04309
76,115,0.33671,0.02962,0.12334,0.02712,30.97797
76,131,0.33745,0.02939,0.12361,0.02795,31.01489
76,28,0.36937,0.03234,0.13307,0.02996,33.60804
76,16,0.34316,0.02996,0.12487,0.02742,31.53390
76,1,0.36757,0.03276,0.13158,0.02989,33.49394
76,14,0.34297,0.03000,0.12658,0.02787,31.49111
76,86,0.34884,0.03038,0.12750,0.02878,31.90903
76,143,0.44126,0.03825,0.16249,0.03543,39.60391
76,45,0.33671,0.02946,0.12334,0.02721,30.96993
76,34,0.42753,0.03743,0.15505,0.03529,38.52188
77,142,0.35149,0.03017,0.12648,0.02847,32.51293
77,84,0.39903,0.03477,0.14538,0.03286,36.58510
77,129,0.40799,0.03482,0.14948,0.03308,37.43595
77,13,0.40494,0.03532,0.14725,0.03299,37.10203
77,7,0.34655,0.03029,0.12697,0.02878,32.16397
77,87,0.36314,0.03249,0.12925,0.02923,33.52109
77,24,0.40066,0.03561,0.14430,0.03265,36.76594
77,36,0.35787,0.03106,0.12922,0.02873,33.09201
77,27,0.41268,0.03547,0.15177,0.03470,37.70009
77,97,0.35543,0.03029,0.12952,0.02864,32.92589
77,98,0.39603,0.03474,0.14348,0.03247,36.38092
77,117,0.35929,0.03134,0.12875,0.02949,33.34302
77,102,0.33418,0.02949,0.12217,0.02697,31.25606
77,63,0.33470,0.02960,0.12281,0.02717,31.22396
77,85,0.35616,0.03110,0.12683,0.02865,32.94488
78,107,0.33191,0.02908,0.12183,0.02678,31.38812
78,51,0.33513,0.02905,0.12200,0.02705,31.64808
78,100,0.33423,0.02921,0.12186,0.02714,31.60293
78,43,0.33299,0.02904,0.12124,0.02694,31.52302
78,47,0.37726,0.03272,0.13635,0.03036,35.13809
78,109,0.33567,0.02979,0.12158,0.02679,31.77111
78,130,0.33204,0.02938,0.12210,0.02701,31.41590
78,16,0.38881,0.03497,0.14012,0.03174,36.23294
78,124,0.38692,0.03331,0.13971,0.03138,36.02207
78,13,0.39063,0.03432,0.14082,0.03174,36.37208
78,114,0.38888,0.03504,0.14000,0.03197,36.27699
78,28,0.33231,0.02906,0.12163,0.02721,31.55103
78,90,0.40651,0.03642,0.14713,0.03283,38.07808
78,106,0.33967,0.03012,0.12237,0.02691,32.02609
78,54,0.33328,0.02909,0.12245,0.02696,31.50789
79,131,0.38630,0.03463,0.13953,0.03095,36.42306
79,96,0.32975,0.02895,0.12096,0.02649,31.61897
79,77,0.33528,0.02906,0.12156,0.02652,32.07400
79,42,0.33509,0.02880,0.12432,0.02658,32.06604
79,127,0.36466,0.03148,0.13161,0.02975,34.55811
79,130,0.33366,0.02941,0.12216,0.02690,31.94001
79,4,0.32930,0.02889,0.12067,0.02695,31.71709
79,36,0.33290,0.02889,0.12133,0.02656,32.07609
79,26,0.33672,0.02891,0.12535,0.02729,32.20495
79,101,0.32965,0.02882,0.12067,0.02654,31.65800
79,73,0.35622,0.03066,0.12897,0.02877,33.82092
79,60,0.35713,0.03099,0.12872,0.02896,33.90106
79,104,0.32976,0.02887,0.12097,0.02700,31.64300
79,70,0.33323,0.02996,0.12084,0.02637,32.17504
79,15,0.35418,0.03153,0.12614,0.02832,33.67102
80,59,0.33898,0.02959,0.12360,0.02784,32.79102
80,98,0.39086,0.03490,0.14176,0.03149,37.30711
80,46,0.41809,0.03696,0.15201,0.03406,39.82496
80,6,0.35711,0.03161,0.12743,0.02935,34.37300
80,26,0.38520,0.03310,0.13967,0.03096,36.88909
80,99,0.41634,0.03626,0.15125,0.03332,39.75900
80,68,0.39940,0.03524,0.14501,0.03256,38.09805
80,74,0.38311,0.03390,0.13777,0.03097,36.71205
80,32,0.36324,0.03141,0.13049,0.02922,34.93796
80,31,0.33661,0.03004,0.12671,0.02740,32.65990
80,71,0.32761,0.02881,0.11964,0.02655,31.88593
80,40,0.34480,0.02959,0.12337,0.02816,33.25289
80,90,0.38369,0.03317,0.13791,0.03130,36.77696
80,100,0.34605,0.02957,0.12378,0.02797,33.46604
80,91,0.40906,0.03650,0.14801,0.03282,38.99007
81,12,0.32819,0.02881,0.12025,0.02646,32.30390
81,104,0.38660,0.03364,0.14047,0.03126,37.44007
81,133,0.33990,0.02940,0.12257,0.02816,33.28194
81,101,0.33720,0.02964,0.12290,0.02784,33.03002
81,140,0.32719,0.02927,0.11933,0.02677,32.62605
81,39,0.44607,0.03891,0.16352,0.03602,42.80690
81,124,0.35947,0.03153,0.12830,0.02877,35.13993
81,52,0.36485,0.03194,0.13179,0.02912,35.56409
81,109,0.38148,0.03365,0.13806,0.03100,37.01501
81,78,0.38843,0.03475,0.13991,0.03098,37.65408
81,6,0.33460,0.02980,0.12237,0.02732,32.92893
81,86,0.34894,0.02993,0.12423,0.02775,34.14297
81,106,0.32543,0.02862,0.11856,0.02588,32.10512
81,121,0.33123,0.02863,0.12219,0.02704,32.62299
81,100,0.37805,0.03302,0.13675,0.03049,36.77305
82,36,0.37430,0.03360,0.13680,0.03061,36.94293
82,5,0.57094,0.09413,0.18826,0.04449,56.69307
82,105,0.55070,0.04798,0.19917,0.04596,54.74306
82,53,0.32583,0.02876,0.11951,0.02628,32.53903
82,37,0.44357,0.03896,0.15834,0.03683,44.96903
82,10,0.32351,0.02839,0.11830,0.02606,32.34791
82,99,0.32479,0.02861,0.11800,0.02612,32.43011
82,76,0.34010,0.02929,0.12346,0.02883,33.92996
82,135,0.33590,0.03034,0.12440,0.02745,33.37000
82,18,0.48737,0.04233,0.17793,0.04016,47.24903
82,61,0.53974,0.04688,0.19410,0.04507,53.50102
82,132,0.56854,0.05052,0.20851,0.04715,56.43607
82,119,0.32474,0.02898,0.11812,0.02627,32.64493
82,84,52377.89062,0.02852,0.11977,52377.67188,32.64297
82,44,0.53466,0.04745,0.19115,0.04545,53.13692
83,132,0.33370,0.03054,0.11960,0.02659,33.76498
83,16,0.33236,0.02942,0.11961,0.02686,33.57700
83,121,0.32734,0.02847,0.12105,0.02667,33.09697
83,81,0.33559,0.03017,0.11987,0.02698,33.89590
83,4,0.32671,0.02860,0.11837,0.02624,33.09306
83,100,0.34222,0.03088,0.12223,0.02758,34.54493
83,17,0.56637,0.04987,0.20692,0.04676,57.12299
83,110,0.33977,0.02971,0.12166,0.02752,34.24107
83,59,0.46100,0.03547,0.14666,0.03406,45.81992
83,18,0.32848,0.02882,0.11877,0.02671,33.20593
83,46,0.33265,0.03010,0.11999,0.02690,33.59705
83,111,0.33905,0.02984,0.12548,0.02730,34.15806
83,125,0.32528,0.02869,0.11736,0.02665,32.86493
83,40,0.33564,0.02906,0.12252,0.02740,33.82803
83,145,0.33129,0.02960,0.11899,0.02755,33.50494
84,140,0.33240,0.02935,0.11912,0.02685,34.05308
84,107,0.59637,0.05281,0.21433,0.04819,60.74596
84,3,0.61224,0.05436,0.22579,0.04999,62.56996
84,89,0.33308,0.02975,0.11880,0.02724,34.12293
84,115,0.47623,0.04080,0.18168,0.03814,47.79590
84,49,0.33910,0.03060,0.12070,0.02740,34.59995
84,9,51130.88281,0.02987,0.11971,0.02736,34.23692
84,130,0.57726,0.05118,0.21255,0.04711,59.10290
84,17,0.33155,0.02958,0.11874,0.02681,33.94291
84,92,0.33652,0.02992,0.12026,0.02752,34.41091
84,148,0.33305,0.02948,0.11937,0.02663,34.06610
84,96,0.34118,0.03000,0.12210,0.02764,34.81695
84,71,0.33198,0.03001,0.11821,0.02715,33.95911
84,116,0.39560,0.03337,0.14545,0.03768,40.31901
84,43,0.33143,0.02919,0.11818,0.02667,33.96290
85,91,0.33922,0.03013,0.12171,0.02774,35.08608
85,144,0.32821,0.02895,0.11785,0.02680,34.33900
85,129,0.32941,0.02967,0.11760,0.02664,34.13208
85,69,0.35694,0.03267,0.12811,0.02933,37.11390
85,104,0.33226,0.02893,0.11891,0.02688,34.35102
85,130,50529.23438,0.02993,0.12025,0.02725,35.00597
85,18,50529.28906,0.03051,0.11884,0.02675,34.90411
85,98,0.32805,0.02959,0.11706,0.02678,34.07698
85,95,0.33205,0.02896,0.11926,0.02778,34.38205
85,119,0.34544,0.02993,0.12011,0.02746,35.79903
85,78,0.34112,0.03068,0.12006,0.02780,35.42912
85,89,0.55969,0.04918,0.20295,0.04622,57.64503
85,59,0.59206,0.05240,0.21639,0.04928,61.03892
85,81,0.32456,0.02861,0.11734,0.02612,33.89799
85,139,0.33107,0.02949,0.11838,0.02681,34.32792
86,131,0.36333,0.03153,0.12040,0.03915,37.78509
86,39,0.32745,0.02909,0.11686,0.02624,34.44189
86,105,0.32220,0.02836,0.11603,0.02564,33.89798
86,66,0.34291,0.03098,0.12117,0.02823,35.95597
86,85,0.33364,0.02940,0.11714,0.02665,34.97896
86,97,0.53022,0.04649,0.19078,0.04463,55.42790
86,36,0.33872,0.02930,0.11715,0.02698,35.34508
86,93,0.31883,0.02819,0.11543,0.02550,33.59092
86,50,0.32991,0.03005,0.11702,0.02628,34.67701
86,8,0.33748,0.03073,0.12045,0.02740,35.44990
86,107,0.32522,0.02920,0.11784,0.02622,34.10692
86,147,0.32238,0.02865,0.11658,0.02614,33.93900
86,133,0.33666,0.02995,0.11874,0.02695,35.49891
86,21,0.34107,0.03042,0.12126,0.02817,35.65896
86,120,0.37576,0.03438,0.13045,0.03024,39.09306
87,67,0.39751,0.03398,0.14101,0.03307,43.45996
87,70,0.34353,0.03000,0.12205,0.02784,36.45493
87,50,0.33559,0.02908,0.11931,0.02861,35.78105
87,122,0.59972,0.05372,0.22147,0.04959,62.96993
87,48,0.61585,0.05694,0.22601,0.05025,65.27690
87,61,0.33555,0.03120,0.11959,0.02728,35.70998
87,75,0.34462,0.03020,0.12145,0.02779,36.68590
87,31,0.31972,0.02795,0.11500,0.02564,34.05398
87,59,0.60847,0.05411,0.22617,0.04949,64.28991
87,30,0.33268,0.02948,0.11851,0.02900,35.28891
87,123,0.53387,0.04662,0.19802,0.04430,56.13595
87,65,0.33093,0.02928,0.11783,0.02647,35.24103
87,133,0.31838,0.02816,0.11434,0.02574,34.24794
87,147,0.33083,0.03011,0.11862,0.02687,35.16996
87,62,0.55695,0.04868,0.20410,0.04571,58.58294
88,96,0.34324,0.03039,0.12307,0.02820,36.69803
88,10,0.33483,0.02966,0.11962,0.02749,36.23600
88,143,0.35611,0.03233,0.13174,0.02886,38.44904
88,122,0.33927,0.03020,0.12149,0.02742,36.44011
88,149,0.34023,0.02937,0.13243,0.02644,36.38494
88,99,0.33007,0.02951,0.11798,0.02718,35.55501
88,93,0.58300,0.05152,0.21225,0.04806,62.52300
88,137,0.32157,0.02859,0.11490,0.02581,34.61505
88,19,0.41915,0.03672,0.15058,0.03440,46.04009
88,21,0.56530,0.04867,0.20662,0.04693,60.19704
88,95,0.35260,0.03122,0.12451,0.02874,37.86799
88,1,0.32301,0.02855,0.11593,0.02586,35.04900
88,13,0.33309,0.03005,0.11870,0.02714,36.35800
88,36,0.33110,0.02924,0.11781,0.02674,35.63491
88,82,0.34931,0.03176,0.12367,0.02895,37.83608
89,86,0.31160,0.02733,0.11225,0.02491,34.08012
89,4,0.53985,0.04715,0.19576,0.04526,58.55611
89,48,0.34613,0.03036,0.12402,0.02752,37.34091
89,58,0.34883,0.03055,0.12530,0.02838,37.62406
89,19,0.33718,0.03081,0.11927,0.02730,36.73805
89,62,0.34562,0.03021,0.12418,0.02773,37.33990
89,78,0.31589,0.02783,0.11452,0.02535,34.49295
89,5,48258.50000,0.04075,0.16938,0.03781,51.06294
89,35,0.36635,0.03326,0.12947,0.03004,40.07389
89,145,0.31202,0.02784,0.11237,0.02546,34.12103
89,84,0.31174,0.02736,0.11281,0.02498,34.04002
89,22,0.36861,0.03297,0.12809,0.03029,39.86601
89,96,0.50481,0.04379,0.18129,0.04209,54.50003
89,76,0.31393,0.02773,0.11294,0.02472,34.34596
89,111,0.31211,0.02812,0.11321,0.02488,34.10803
90,90,0.56846,0.04987,0.21246,0.04650,61.40204
90,37,0.57124,0.05053,0.21153,0.04591,62.19492
90,15,0.32444,0.02908,0.11566,0.02624,35.81289
90,106,0.31671,0.02781,0.11274,0.02522,34.94395
90,140,0.31009,0.02742,0.11242,0.02501,34.64402
90,143,0.32939,0.02871,0.11750,0.02630,36.22689
90,93,0.31657,0.02817,0.11347,0.02503,34.88309
90,16,0.32309,0.02880,0.11467,0.02639,35.64194
90,85,0.31421,0.02798,0.11264,0.02510,34.69294
90,82,0.55030,0.04900,0.20642,0.04528,59.43697
90,135,0.31716,0.02802,0.11488,0.02570,34.92392
90,115,0.31169,0.02721,0.11244,0.02497,34.51402
90,118,47722.06250,0.02709,0.11248,0.02530,34.25793
90,38,0.54109,0.04730,0.20268,0.04394,58.55410
90,7,0.57487,0.05098,0.21359,0.04666,62.96703
91,76,0.35688,0.03142,0.12813,0.02870,39.84693
91,44,0.33214,0.02988,0.12134,0.02768,36.76689
91,90,0.34492,0.03022,0.12376,0.02745,38.06210
91,128,0.32158,0.02916,0.11635,0.02632,35.88705
91,77,0.31102,0.02858,0.11220,0.02516,34.73508
91,134,0.30866,0.02723,0.11147,0.02460,34.55791
91,57,0.33640,0.02929,0.12047,0.02710,37.21399
91,115,0.36295,0.03343,0.12565,0.02882,39.98798
91,64,0.30873,0.02693,0.11071,0.02458,34.52190
91,1,0.30665,0.02700,0.11124,0.02453,34.30891
91,137,0.35378,0.03064,0.12668,0.02796,39.06395
91,125,47197.82031,0.03930,0.15131,0.03444,46.90001
91,118,0.36870,0.03329,0.12744,0.02948,40.60994
91,82,47197.70703,0.03437,47197.58984,0.03060,41.94794
91,126,0.32155,0.02782,0.12204,0.02495,35.77599
92,28,0.36988,0.03202,0.13607,0.02886,41.01789
92,59,0.34463,0.02961,0.12327,0.02804,38.54895
92,25,0.33184,0.02865,0.11701,0.02663,37.11098
92,123,0.35784,0.03141,0.12795,0.02859,39.83692
92,39,46684.98438,0.04804,0.17780,0.04388,62.00698
92,149,0.35748,0.03125,0.12921,0.02885,39.77996
92,87,0.34286,0.03022,0.12046,0.02742,38.38888
92,60,0.31288,0.02666,0.11028,0.02454,35.31491
92,128,0.33195,0.02961,0.11708,0.02642,37.20798
92,102,0.35799,0.03170,0.12324,0.03178,39.95596
92,67,0.33032,0.02900,0.11659,0.02760,37.07501
92,105,0.37421,0.03288,0.13478,0.03059,41.47090
92,89,0.32953,0.02853,0.11693,0.02680,36.97508
92,81,0.34988,0.03046,0.12465,0.02786,38.99791
92,114,0.35658,0.03139,0.12790,0.02866,39.81293
93,113,0.35551,0.03196,0.12568,0.02946,40.18704
93,111,0.31170,0.02748,0.11128,0.02542,35.69610
93,127,0.33637,0.02960,0.11951,0.02735,38.15110
93,64,0.30248,0.02661,0.10934,0.02458,34.71710
93,118,0.34762,0.03039,0.12458,0.02791,39.23197
93,80,0.31618,0.02832,0.11194,0.02644,36.20698
93,30,0.35958,0.03115,0.12743,0.02861,40.40500
93,93,0.30290,0.02660,0.10967,0.02423,34.79190
93,60,0.34372,0.03023,0.12243,0.02774,38.84500
93,150,0.34981,0.03108,0.12534,0.02843,39.49788
93,46,0.34201,0.02958,0.12247,0.02743,38.74694
93,20,0.35180,0.03104,0.12548,0.02837,39.65311
93,99,0.31159,0.02762,0.11243,0.02546,35.52307
93,24,0.34962,0.03032,0.12528,0.02804,39.46507
93,106,0.34873,0.03055,0.12506,0.02813,39.38498
94,83,0.30167,0.02679,0.10927,0.02410,35.01701
94,9,0.34734,0.03040,0.12323,0.02767,39.63703
94,12,0.30093,0.02648,0.10877,0.02434,35.02506
94,69,0.33851,0.02927,0.12129,0.02706,38.73102
94,58,0.34548,0.03014,0.12373,0.02791,39.42999
94,92,0.35441,0.03177,0.12678,0.02852,40.42390
94,149,0.33671,0.02962,0.12007,0.02712,38.55195
94,88,0.36887,0.03228,0.13259,0.03034,41.86092
94,134,0.30428,0.02693,0.10948,0.02461,35.24408
94,146,0.34917,0.03069,0.12518,0.02777,39.85711
94,34,0.33211,0.02859,0.11804,0.02709,38.03600
94,122,0.34581,0.02993,0.12420,0.02769,39.48588
94,100,0.35297,0.03100,0.12652,0.02874,40.22491
94,13,0.32648,0.02841,0.11982,0.02641,37.59307
94,147,0.36224,0.03145,0.13033,0.02935,41.16693
95,76,0.30419,0.02621,0.10944,0.02417,35.58506
95,74,0.29886,0.02624,0.10799,0.02418,35.19897
95,50,0.34420,0.02993,0.12301,0.02766,40.15811
95,19,0.34989,0.03063,0.12481,0.02848,40.33592
95,65,0.29834,0.02611,0.10791,0.02440,35.03589
95,56,0.30875,0.02726,0.11165,0.02540,36.05510
95,9,0.34292,0.02983,0.12301,0.02798,39.61503
95,149,0.33745,0.02982,0.11993,0.02698,39.06198
95,88,0.33777,0.02908,0.12041,0.02749,39.16799
95,32,0.32908,0.02852,0.11725,0.02677,38.24799
95,41,0.33196,0.02839,0.11696,0.02645,38.46701
95,29,0.34356,0.02965,0.12327,0.02793,39.98391
95,55,0.30342,0.02677,0.11029,0.02521,35.53294
95,38,0.31436,0.02716,0.11232,0.02546,36.64901
95,123,0.29833,0.02622,0.10753,0.02426,35.06008
96,46,0.32748,0.02830,0.11665,0.02669,38.38393
96,29,0.30308,0.02684,0.10903,0.02455,35.89995
96,57,0.29643,0.02596,0.10672,0.02386,35.32400
96,58,0.31983,0.02804,0.11323,0.02557,37.91489
96,146,0.34878,0.03042,0.12489,0.02810,40.64196
96,6,0.34189,0.02965,0.12201,0.02750,39.94905
96,104,0.29664,0.02585,0.10719,0.02408,35.28292
96,140,0.31922,0.02752,0.11337,0.02571,37.52799
96,71,0.29694,0.02609,0.10715,0.02408,35.26002
96,64,0.34142,0.02966,0.12211,0.02768,40.00197
96,105,0.29680,0.02603,0.10732,0.02397,35.27410
96,1,0.32223,0.02822,0.11416,0.02614,37.90588
96,72,0.29778,0.02639,0.10735,0.02372,35.40989
96,15,0.34292,0.02979,0.12296,0.02764,40.06400
96,52,0.32008,0.02735,0.11339,0.02603,37.59197
97,13,0.30275,0.02634,0.10860,0.02481,36.20603
97,73,0.29636,0.02598,0.10687,0.02371,35.58892
97,23,0.34435,0.03038,0.12339,0.02765,40.67709
97,110,0.33389,0.02939,0.11857,0.02722,39.56101
97,24,44278.33594,0.03110,44278.13281,0.02903,41.74692
97,149,0.32132,0.02807,0.11424,0.02538,38.16889
97,90,0.33863,0.02929,0.12153,0.02752,40.01608
97,133,0.34052,0.02955,0.12088,0.02758,40.20189
97,109,0.31525,0.02759,0.11239,0.02555,37.53803
97,1,0.35667,0.03205,0.12677,0.02894,42.00108
97,139,0.32932,0.02881,0.11764,0.02659,39.01696
97,106,0.32693,0.02931,0.11528,0.02616,38.82999
97,147,0.29589,0.02582,0.10716,0.02411,35.61212
97,119,0.30977,0.02720,0.11447,0.02594,36.90695
97,83,0.34492,0.03025,0.12249,0.02755,40.78512
98,93,0.32929,0.02867,0.11778,0.02677,39.43999
98,117,43826.51172,0.03249,43826.31250,0.03004,43.79197
98,50,0.29871,0.02614,0.10665,0.02413,36.20002
98,76,0.31770,0.02767,0.11263,0.02557,38.21711
98,126,0.34213,0.02926,0.12351,0.02738,40.80099
98,99,0.33368,0.02970,0.11854,0.02692,39.95389
98,10,0.34592,0.03045,0.12314,0.02771,41.26710
98,34,0.33788,0.02943,0.11994,0.02799,40.42994
98,37,0.32407,0.02808,0.11496,0.02621,39.03696
98,30,43826.39453,0.02756,0.11270,0.02615,38.23610
98,58,0.33867,0.02977,0.12068,0.02738,40.52601
98,145,0.31099,0.02745,0.10963,0.02458,37.47809
98,88,0.34720,0.03060,0.12462,0.02797,41.42398
98,57,0.32729,0.02894,0.11605,0.02729,39.25506
98,124,0.32288,0.02786,0.11554,0.02600,38.75193
99,125,0.29451,0.02600,0.10598,0.02359,36.16500
99,58,0.30188,0.02664,0.10733,0.02403,36.91898
99,150,0.33813,0.03019,0.12023,0.02780,40.87998
99,56,0.32796,0.02867,0.11736,0.02655,39.71892
99,9,0.32781,0.02854,0.11666,0.02616,39.75209
99,7,0.30415,0.02661,0.10918,0.02502,37.08400
99,37,0.34546,0.03072,0.12361,0.02826,41.67210
99,114,0.29340,0.02573,0.10612,0.02403,36.01905
99,73,0.33874,0.02986,0.12021,0.02723,40.93805
99,2,0.32077,0.02799,0.11408,0.02643,38.90004
99,10,0.33438,0.02922,0.12015,0.02707,40.40103
99,124,0.34703,0.03013,0.12429,0.02793,41.83696
99,106,0.34027,0.02985,0.12181,0.02739,41.05699
99,20,0.33833,0.03019,0.12089,0.02753,40.94196
99,32,0.33659,0.02926,0.12078,0.02727,40.74490
100,79,0.34885,0.03050,0.12851,0.02844,42.44300
100,89,0.38892,0.03436,0.13927,0.03148,46.88202
100,63,0.33474,0.02927,0.11944,0.02708,40.85789
100,98,0.29336,0.02569,0.10549,0.02390,36.42993
100,22,0.32917,0.02887,0.11648,0.02642,40.27810
100,5,0.30671,0.02645,0.10830,0.02493,37.74709
100,3,0.30010,0.02605,0.10719,0.02418,37.08504
100,51,0.33672,0.02916,0.12357,0.02738,41.05510
100,109,0.29310,0.02632,0.10525,0.02363,36.42901
100,101,0.29862,0.02667,0.10688,0.02482,36.94405
100,76,0.33166,0.02932,0.11815,0.02663,40.55692
100,145,0.36540,0.03259,0.13060,0.02918,44.34709
100,6,0.32577,0.02876,0.11619,0.02629,39.86991
100,38,0.34384,0.02970,0.12232,0.02753,41.91908
100,102,0.31382,0.02731,0.11128,0.02522,38.52393
